name, link, rating, votes, year, releaseDate, genres, runtime, plot, image, imageCaption, metascore, certificate, status, keywords, countriesOfOrigin, meterRanking, meterRankChange, directors, writers, stars, topCast, budget, openingWeekendGross, lifetimeGross, worldwideGross, filmingLocations, spokenLanguages, soundMix, aspectRatio, color, awardWins, awardNominations, titleType, isSeries, isEpisode, isAdult

"The Odyssey", "https://www.imdb.com/title/tt33764258/", "8.5", "180788", "2026", "17/7/2026", "Adventure, Drama, Fantasy", "10380", "After the Trojan War, Odysseus faces a dangerous voyage back to Ithaca, meeting creatures like the Cyclops Polyphemus, Sirens, and Calypso along the way.", "https://m.media-amazon.com/images/M/MV5BNTcyNmJlZmQtNDUwYy00NDBjLTg1NGQtYTY2Y2UxMWM3NmI1XkEyXkFqcGc@._V1_.jpg", "Matt Damon in The Odyssey (2026)", "89", "R", "Released", "return from war, long lost husband, trojan horse, ancient greece, epic action", "GB", "1", "UP 4", "Christopher Nolan", "Christopher Nolan, Homer", "Travis Scott, Matt Damon, Robert Pattinson", "Travis Scott, Matt Damon, Robert Pattinson, Corey Hawkins", "USD 250,000,000", "", "", "USD 21,780,296", "Messinia, Peloponnese region, Greece", "English", "IMAX 6-Track, Dolby Surround 5.1, Dolby Digital, IMAX 5.0, Dolby Surround 7.1", "", "Color", "2", "0", "Movie", "False", "False", "False"
"Backrooms", "https://www.imdb.com/title/tt26657236/", "6.9", "134883", "2026", "29/5/2026", "Horror, Sci-Fi, Thriller", "6600", "After a therapist's patient disappears into a dimension beyond reality, she must venture into the unknown to save him.", "https://m.media-amazon.com/images/M/MV5BYzQyYjZmMjctMzIyZi00MDI0LWJhNGQtMzQ3MTFlNDgwNGM5XkEyXkFqcGc@._V1_.jpg", "Renate Reinsve in Backrooms (2026)", "77", "R", "Released", "psychological horror, backrooms, creepypasta, liminal space, room", "US", "9", "DOWN 2", "Kane Parsons", "Will Soodik, Kane Parsons", "Chiwetel Ejiofor, Renate Reinsve, Mark Duplass", "Chiwetel Ejiofor, Renate Reinsve, Mark Duplass, Finn Bennett", "USD 10,000,000", "USD 81,402,424", "USD 195,248,636", "USD 377,639,097", "15 King Edward Street, Coquitlam, British Columbia, Canada", "English, Portuguese, Turkish, Arabic, Japanese", "Dolby Atmos", "1.85 : 1", "Color", "0", "14", "Movie", "False", "False", "False"
"Project Hail Mary", "https://www.imdb.com/title/tt12042730/", "8.2", "446516", "2026", "20/3/2026", "Adventure, Comedy, Drama", "9360", "A science teacher wakes up alone on a spaceship. As his memory returns, he uncovers a mission to stop a mysterious substance killing Earth's sun, and realizes that an unexpected friendship may be the key.", "https://m.media-amazon.com/images/M/MV5BNTkwNzJiYTctNzI3NC00NjE1LTlhYjktY2Q5MTdmMWFmNzcxXkEyXkFqcGc@._V1_.jpg", "Ryan Gosling and James Ortiz in Project Hail Mary (2026)", "77", "PG-13", "Released", "outer space, alien, space sci fi, astronaut, based on novel", "US", "4", "DOWN 1", "", "Drew Goddard, Andy Weir", "Ryan Gosling, Sandra Hüller, James Ortiz", "Ryan Gosling, Sandra Hüller, James Ortiz, Lionel Boyce", "USD 200,000,000", "USD 80,506,007", "USD 344,050,007", "USD 683,979,467", "South Parade Pier, Southsea, Portsmouth, Hampshire, England, UK", "English", "Dolby Atmos, IMAX 6-Track, Dolby Digital", "2.00 : 1", "Color", "7", "11", "Movie", "False", "False", "False"
"The Sheep Detectives", "https://www.imdb.com/title/tt32565993/", "7.4", "78290", "2026", "8/5/2026", "Comedy, Family, Mystery", "6540", "Every night a shepherd reads aloud a murder mystery, pretending his sheep can understand. When he is found dead, the sheep realize at once that it was a murder and think they know everything about how to go about solving it.", "https://m.media-amazon.com/images/M/MV5BNTFmZWI4YmMtNmQ0ZC00ZGQwLTk1OWEtZjAyZmIzOGY0MGFiXkEyXkFqcGc@._V1_.jpg", "Julia Louis-Dreyfus, Emma Thompson, Patrick Stewart, Bryan Cranston, Regina Hall, Hugh Jackman, Nicholas Braun, Rhys Darby, Molly Gordon, Aroop Shergill, Chris O'Dowd, Jasper Ambrose, Tommy Birchall, Ishi Agrawal, Brett Goldstein, Hong Chau, Tosin Cole, Nicholas Galitzine, and Bella Ramsey in The Sheep Detectives (2026)", "72", "PG", "Released", "whodunnit mystery, animals family, sheep, small town, police detective", "GB", "3", "DOWN 1", "Kyle Balda", "Craig Mazin, Leonie Swann", "Hugh Jackman, Brett Goldstein, Patrick Stewart", "Hugh Jackman, Brett Goldstein, Patrick Stewart, Regina Hall", "USD 75,000,000", "USD 15,087,796", "USD 66,078,506", "USD 130,574,611", "Hambleden, Buckinghamshire, England, UK", "English", "Dolby Digital, Dolby Atmos", "2.00 : 1", "Color", "1", "0", "Movie", "False", "False", "False"
"I Play Rocky", "https://www.imdb.com/title/tt11995650/", "0", "0", "2026", "20/11/2026", "Biography, Drama, Sport", "7680", "Sylvester Stallone, then a failing actor, writes the ultimate underdog story and must fight for his chance to play the role of a lifetime - Rocky Balboa.", "https://m.media-amazon.com/images/M/MV5BNDZlN2IyYjUtM2FhMi00OTQ0LTk5YjktNTdiZGM1ZDg3NzIxXkEyXkFqcGc@._V1_.jpg", "Anthony Ippolito in I Play Rocky (2026)", "", "PG-13", "Completed", "fight, underdog, showbiz drama, period drama, docudrama drama", "US", "6", "UP 1932", "Peter Farrelly", "", "Toby Kebbell, AnnaSophia Robb, Matt Dillon", "Toby Kebbell, AnnaSophia Robb, Matt Dillon, Erik Palladino", "", "", "", "", "Los Angeles, California, USA", "English", "", "", "Color", "0", "0", "Movie", "False", "False", "False"
"The Invite", "https://www.imdb.com/title/tt14173636/", "7.9", "15950", "2026", "10/7/2026", "Comedy, Drama, Romance", "6420", "Joe and Angela's marriage is on thin ice. When they invite their enigmatic upstairs neighbors for a dinner party, the night spirals into unexpected places.", "https://m.media-amazon.com/images/M/MV5BMjI0MzJjMjctNmQzZi00Y2U4LWEwZGItMmE3NDUzNzk1YzY3XkEyXkFqcGc@._V1_.jpg", "Edward Norton, Penélope Cruz, Seth Rogen, and Olivia Wilde in The Invite (2026)", "82", "R", "Released", "neighbor neighbor relationship, male female relationship, husband wife relationship, dysfunctional marriage, based on film", "US", "8", "FLAT 0", "Olivia Wilde", "Cesc Gay, Will McCormack, Rashida Jones", "Seth Rogen, Olivia Wilde, Penélope Cruz", "Seth Rogen, Olivia Wilde, Penélope Cruz, Edward Norton", "", "USD 379,104", "USD 15,017,889", "USD 22,794,949", "Glen Park Station, San Francisco, California, USA", "English, Spanish", "Dolby Digital", "1.85 : 1", "Color", "2", "5", "Movie", "False", "False", "False"
"Evil Dead Burn", "https://www.imdb.com/title/tt31170389/", "6.7", "18166", "2026", "10/7/2026", "Horror", "6600", "After the loss of her husband, a woman seeks solace with her in-laws. As one by one they transform into deadites, she comes to discover that the vows she took in life - survive even in death.", "https://m.media-amazon.com/images/M/MV5BZTljMTZjZTItZjMzZi00NDBhLWFmMzAtOGNiNTlhY2MxMzg5XkEyXkFqcGc@._V1_.jpg", "Evil Dead Burn (2026)", "54", "R", "Released", "deadites, monster horror, evil dead, body horror, supernatural horror", "NZ", "9", "DOWN 4", "Sébastien Vanicek", "Sébastien Vanicek, Florent Bernard", "Souheila Yacoub, Tandi Wright, Hunter Doohan", "Souheila Yacoub, Tandi Wright, Hunter Doohan, Luciane Buchanan", "USD 20,000,000", "USD 13,701,012", "USD 24,150,512", "USD 51,350,512", "Auckland, New Zealand", "English, French", "Dolby Digital, Dolby Atmos", "2.39 : 1", "Color", "0", "0", "Movie", "False", "False", "False"
"Moana", "https://www.imdb.com/title/tt27419466/", "5.7", "9239", "2026", "10/7/2026", "Action, Adventure, Comedy", "6900", "Live-action adaptation of the 2016 Disney animated film 'Moana.'", "https://m.media-amazon.com/images/M/MV5BMTQ1OTQ2Y2UtMzllNS00ODFiLWFkNGItNGRjOWRlMjIwNTRlXkEyXkFqcGc@._V1_.jpg", "Dwayne Johnson and Catherine Laga'aia in Moana (2026)", "42", "PG", "Released", "remake, chicken, water, disney live action remake of animated film, live action adaptation", "US", "10", "DOWN 4", "Thomas Kail", "Jared Bush, Dana Ledoux Miller, Ron Clements", "Dwayne Johnson, Catherine Laga'aia, Rena Owen", "Dwayne Johnson, Catherine Laga'aia, Rena Owen, John Tui", "USD 250,000,000", "USD 43,142,824", "USD 83,239,043", "USD 179,551,043", "Oahu, Hawaii, USA", "English, Samoan", "IMAX 6-Track, Dolby Atmos, Dolby Digital", "2.39 : 1", "Color", "0", "0", "Movie", "False", "False", "False"
"Desire", "https://www.imdb.com/title/tt41617470/", "4.3", "1339", "2026", "17/7/2026", "Drama, Thriller", "5820", "A married mother falls for her daughter's swimming coach and has an affair but her daughter also becomes attracted to him.", "https://m.media-amazon.com/images/M/MV5BN2UwYjQ5NTQtZjdjOC00ZDA1LWIxY2EtNDQ4M2FjZDE5YjJiXkEyXkFqcGc@._V1_.jpg", "Desire (2026)", "", "", "Released", "erotic thriller, lawyer, infidelity, teenage boy, sex scene", "MX", "11", "UP 665", "Teresa Simone", "Giulia Cardamone, Vanessa Miklos", "Ludwika Paleta, José María Yazpik, Óscar Casas", "Ludwika Paleta, José María Yazpik, Óscar Casas, Leonardo Ortizgris", "", "", "", "USD 306,630", "Mexico City, Mexico", "Spanish", "", "2.39:1", "Color", "0", "0", "Movie", "False", "False", "False"
"Digger", "https://www.imdb.com/title/tt31450459/", "0", "0", "2026", "2/10/2026", "Comedy, Drama", "", "The most powerful man in the world embarks on a frantic mission to prove he is humanity's savior before the disaster he's unleashed destroys everything.", "https://m.media-amazon.com/images/M/MV5BN2E0YTg1M2YtOGQyYi00NDFkLTk3NzUtYmEyNTZhYThhZDQ0XkEyXkFqcGc@._V1_.jpg", "Tom Cruise in Digger (2026)", "", "", "Completed", "political satire, satire, dark comedy, satire comedy", "GB", "12", "UP 335", "Alejandro G. Iñárritu", "Sabina Berman, Alexander Dinelaris, Nicolás Giacobone", "Tom Cruise, Riz Ahmed, John Goodman", "Tom Cruise, Riz Ahmed, John Goodman, Aetheria Angel", "", "", "", "", "Pinewood Studios, Pinewood Road, Iver Heath, Iver, Buckinghamshire, England, UK", "English", "Dolby Atmos, Dolby Surround 5.1", "2.39 : 1", "Color", "0", "1", "Movie", "False", "False", "False"
"Spider-Man: Brand New Day", "https://www.imdb.com/title/tt22084616/", "0", "0", "2026", "31/7/2026", "Action, Adventure, Fantasy", "8700", "A forgotten Peter Parker lives alone as a full-time Spider-Man until mounting pressure triggers a dangerous change and a powerful new enemy emerges.", "https://m.media-amazon.com/images/M/MV5BOWNjYWM3NWItOGE0ZS00MWRjLThiZWEtYjc4ZmNmMmU5ZTVmXkEyXkFqcGc@._V1_.jpg", "Zendaya and Tom Holland in Spider-Man: Brand New Day (2026)", "", "PG-13", "Completed", "shared universe, spider man character, 3d, 3 dimensional, supervillain", "US", "20", "UP 4", "Destin Daniel Cretton", "Chris McKenna, Erik Sommers, Stan Lee", "Tom Holland, Zendaya, Sadie Sink", "Tom Holland, Zendaya, Sadie Sink, Jacob Batalon", "", "", "", "", "Glasgow, Scotland, UK", "English", "IMAX 6-Track, Dolby Atmos, Dolby Digital, Dolby Surround 7.1, Dolby Surround 5.1", "", "Color", "0", "1", "Movie", "False", "False", "False"
"Disclosure Day", "https://www.imdb.com/title/tt15047880/", "6.6", "90178", "2026", "12/6/2026", "Action, Drama, Mystery", "8700", "If you found out we weren't alone, if someone showed you, proved it to you, would that frighten you?", "https://m.media-amazon.com/images/M/MV5BMTgwNDI1ZjctYWNmMS00MTJhLTg1ZWItMzI1Yjk5NjZkYWFkXkEyXkFqcGc@._V1_.jpg", "Disclosure Day (2026)", "74", "PG-13", "Released", "supernatural fantasy, meteorologist, alien, paranoia, on the run", "US", "11", "UP 2", "Steven Spielberg", "David Koepp, Steven Spielberg", "Emily Blunt, Josh O'Connor, Colin Firth", "Emily Blunt, Josh O'Connor, Colin Firth, Eve Hewson", "USD 115,000,000", "USD 44,530,925", "USD 113,253,560", "USD 233,269,101", "New Jersey, USA", "English", "70 mm 6-Track, Dolby Atmos, Dolby Surround 5.1, IMAX 6-Track, Dolby Surround 7.1", "2.39 : 1", "Color", "2", "8", "Movie", "False", "False", "False"
"Toy Story 5", "https://www.imdb.com/title/tt29355505/", "7.5", "52733", "2026", "19/6/2026", "Animation, Adventure, Comedy", "6120", "Woody, Buzz, Jessie and the rest of the gang's jobs are challenged when they're introduced to electronics, a new threat to playtime.", "https://m.media-amazon.com/images/M/MV5BZTI1YTBiNmEtYWUxZi00YzFkLWIzNjMtMmZjMmY2NzM0ZWMzXkEyXkFqcGc@._V1_.jpg", "Tom Hanks, Joan Cusack, Tim Allen, John Ratzenberger, Conan O'Brien, Jeff Bergman, Blake Clark, Tony Hale, Craig Robinson, Shelby Rabara, Greta Lee, and Melissa Villaseñor in Toy Story 5 (2026)", "73", "PG", "Released", "sequel, talking toy, buzz lightyear character, dinosaur, cowboy toy", "US", "10", "UP 2", "", "Andrew Stanton, McKenna Harris", "Tom Hanks, Tim Allen, Joan Cusack", "Tom Hanks, Tim Allen, Joan Cusack, Conan O'Brien", "USD 250,000,000", "USD 159,677,837", "USD 416,118,566", "USD 891,418,566", "Pixar Animation Studios - 1200 Park Avenue, Emeryville, California, USA", "English", "Sonics-DDP, Auro 11.1, D-Cinema 96kHz Dolby Surround 7.1, Dolby Atmos, Dolby Digital, 12-Track Digital Sound, Dolby Surround 7.1, D-Cinema 96kHz 7.1, DTS:X", "1.85 : 1", "Color", "0", "4", "Movie", "False", "False", "False"
"Voicemails for Isabelle", "https://www.imdb.com/title/tt10375624/", "7.3", "39063", "2026", "19/6/2026", "Comedy, Drama, Romance", "7080", "Jill leaves voice messages to her deceased sister telling her about her chaotic life in San Francisco. Unwittingly, a mysterious Austin TX real estate agent begins to receive their confessions..", "https://m.media-amazon.com/images/M/MV5BMTE3MmE2MTYtMjA4OC00ZTIxLWFlNWYtZjk4ZTBkZDdiYzU0XkEyXkFqcGc@._V1_.jpg", "Nick Robinson and Zoey Deutch in Voicemails for Isabelle (2026)", "62", "TV-14", "Released", "feel good romance, male nudity, romantic comedy, bare chested male, male side nudity", "US", "19", "DOWN 7", "Leah McKendrick", "", "Zoey Deutch, Nick Robinson, Harry Shum Jr.", "Zoey Deutch, Nick Robinson, Harry Shum Jr., Leah McKendrick", "", "", "", "", "Vancouver, British Columbia, Canada", "English", "Dolby Digital", "2.39 : 1", "Color", "0", "0", "Movie", "False", "False", "False"
"Lee Cronin's The Mummy", "https://www.imdb.com/title/tt32612507/", "6.2", "58564", "2026", "17/4/2026", "Horror", "8040", "Eight years after her sudden disappearance in Egypt, a severely traumatized teenager is returned to her shattered family in New Mexico, triggering a visceral nightmare as they realize she is hosting an ancient, demonic parasite.", "https://m.media-amazon.com/images/M/MV5BNWQ1NzI2YTUtN2E0ZS00YzVmLTkxNjktMWIzNTYwMzkyOTU0XkEyXkFqcGc@._V1_.jpg", "Natalie Grace in Lee Cronin's The Mummy (2026)", "47", "R", "Released", "egypt, mummified body, creepy child, egyptian, jump scare", "IE", "14", "UP 1", "Lee Cronin", "", "Jack Reynor, Laia Costa, May Calamawy", "Jack Reynor, Laia Costa, May Calamawy, Natalie Grace", "USD 22,000,000", "USD 13,517,172", "USD 29,152,113", "USD 90,552,113", "Ardmore Studios - Herbert Rd, Killarney, Bray, Co. Wicklow, Ireland", "English, Spanish, Arabic", "IMAX 6-Track, Dolby Atmos, Dolby Digital", "2.39 : 1", "Color", "0", "1", "Movie", "False", "False", "False"
"Dhamaal 4", "https://www.imdb.com/title/tt27548557/", "8.5", "33500", "2026", "10/7/2026", "Action, Adventure, Comedy", "8580", "The Dhamaal boys are back and ready to chase the "Treasure of Life," facing crazy challenges along the way. What starts as a treasure hunt quickly turns into a rollercoaster of hilarious misadventures.", "https://m.media-amazon.com/images/M/MV5BNTI2YTA2YzktMGUwOS00Njk3LWE0M2MtNDE4YTljNDdjNjNlXkEyXkFqcGc@._V1_.jpg", "Ajay Devgn, Indra Kumar, Jaaved Jaaferi, Arshad Warsi, Ravi Kishan, Krishan Kumar, Sanjay Mishra, Bhushan Kumar, Sanjeeda Sheikh, Riteish Deshmukh, Vijay Patkar, Upendra Limaye, Esha Gupta, and Anjali Anand in Dhamaal 4 (2026)", "", "", "Released", "quest adventure, sea adventure", "IN", "21", "UP 18", "Indra Kumar", "Paritosh Painter, Vedd Prakash, Bunty Rathore", "Arshad Warsi, Sanjeeda Sheikh, Ajay Devgn", "Arshad Warsi, Sanjeeda Sheikh, Ajay Devgn, Anjali Anand", "", "", "", "USD 844,326", "", "Hindi", "Dolby Atmos, Dolby Digital", "2.39:1", "Color", "0", "0", "Movie", "False", "False", "False"
"Michael", "https://www.imdb.com/title/tt11378946/", "7.4", "155426", "2026", "24/4/2026", "Biography, Drama, History", "7620", "The early life of musician Michael Jackson, from the discovery of his talent as the lead of the Jackson Five to the artist whose creative ambition fueled a pursuit to become the biggest entertainer in the world.", "https://m.media-amazon.com/images/M/MV5BNzllNmRlN2EtMDQyOC00ODJjLTg4OWQtZDNmNGU3YzlkNjc1XkEyXkFqcGc@._V1_.jpg", "Jaafar Jackson in Michael (2026)", "39", "PG-13", "Released", "michael jackson character, king of pop, 20th century, 1980s, year 1984", "US", "21", "DOWN 3", "Antoine Fuqua", "", "Jaafar Jackson, Nia Long, Colman Domingo", "Jaafar Jackson, Nia Long, Colman Domingo, Juliano Valdi", "USD 155,000,000", "USD 97,206,874", "USD 372,055,734", "USD 980,991,365", "Sony Pictures Studios - 10202 W. Washington Blvd., Culver City, California, USA", "English", "Dolby Digital, IMAX 6-Track, IMAX 5.0, Dolby Atmos, Dolby Surround 7.1, DTS:X, Datasat", "1.85 : 1", "Color", "7", "5", "Movie", "False", "False", "False"
"Minions & Monsters", "https://www.imdb.com/title/tt32890033/", "6.5", "15037", "2026", "1/7/2026", "Animation, Adventure, Comedy", "5400", "Follows the Minions in 1920s Hollywood as they search for frightening creatures for their monster movie, partner with a green creature, and must save the planet after unleashing monsters.", "https://m.media-amazon.com/images/M/MV5BYzBjMDg4YjctYzg3ZS00ZDFmLWI1YjctM2RkZGVjZWEyYWQ0XkEyXkFqcGc@._V1_.jpg", "Pierre Coffin in Minions & Monsters (2026)", "70", "PG", "Released", "cg animation, farce comedy, cgi animation, despicable me's minion character, slapstick comedy", "US", "28", "DOWN 13", "Pierre Coffin", "Pierre Coffin, Brian Lynch", "Pierre Coffin, Trey Parker, Allison Janney", "Pierre Coffin, Trey Parker, Allison Janney, George Lucas", "USD 85,000,000", "USD 37,003,505", "USD 137,584,465", "USD 357,878,465", "", "English", "Dolby Atmos", "2.39 : 1", "Color", "0", "0", "Movie", "False", "False", "False"
"Supergirl", "https://www.imdb.com/title/tt8814476/", "6.1", "52744", "2026", "26/6/2026", "Action, Adventure, Drama", "6480", "Kara Zor-El, aka Supergirl, joins forces with an unlikely companion on an interstellar journey of vengeance and justice when an unexpected adversary strikes too close to home.", "https://m.media-amazon.com/images/M/MV5BMmJkOTE0MWUtY2E5OS00NzEyLWI4NjEtYzQzYzFmMjk5ODE3XkEyXkFqcGc@._V1_.jpg", "Milly Alcock in Supergirl (2026)", "50", "PG-13", "Released", "dog, animal, pet, shared universe, superheroine", "US", "13", "DOWN 9", "Craig Gillespie", "Ana Nogueira, Jerry Siegel, Joe Shuster", "Milly Alcock, David Corenswet, Eve Ridley", "Milly Alcock, David Corenswet, Eve Ridley, Matthias Schoenaerts", "USD 170,000,000", "USD 37,102,018", "USD 68,432,228", "USD 119,332,228", "Iceland", "English", "Dolby Digital, Dolby Atmos, IMAX 6-Track", "2.39 : 1", "Color", "0", "4", "Movie", "False", "False", "False"
"Heartstopper Forever", "https://www.imdb.com/title/tt36619926/", "7.1", "4439", "2026", "17/7/2026", "Drama, Romance", "6840", "Nick and Charlie are in love, but new challenges lay ahead with Nick getting ready to leave for university and Charlie taking on new responsibilities at school.", "https://m.media-amazon.com/images/M/MV5BMjFiNjNlN2QtYWFlZC00OTc2LWFkOTEtM2ExNWNiM2U2MTI5XkEyXkFqcGc@._V1_.jpg", "Joe Locke and Kit Connor in Heartstopper Forever (2026)", "67", "TV-MA", "Released", "gay, teenage boy, gay protagonist, gay love, male male relationship", "GB", "30", "UP 898", "Wash Westmoreland", "", "Joe Locke, William Gao, Tobie Donovan", "Joe Locke, William Gao, Tobie Donovan, Kit Connor", "", "", "", "", "Maidenhead, England, UK", "English", "Dolby Digital", "2.00 : 1", "Color", "0", "1", "Movie", "False", "False", "False"
"The Drama", "https://www.imdb.com/title/tt33071426/", "7.2", "89903", "2026", "3/4/2026", "Comedy, Drama, Romance", "6300", "A happily-engaged couple is put to the test when an unexpected turn sends their wedding week off the rails.", "https://m.media-amazon.com/images/M/MV5BMTcwOGZhYmItYTg3ZS00NjUwLWJiMmQtMjU5YjEwYWY0NmNkXkEyXkFqcGc@._V1_.jpg", "Robert Pattinson and Zendaya in The Drama (2026)", "59", "R", "Released", "dark comedy, man performs oral sex on a woman, reference to heroin, wedding plans, diet coke", "US", "34", "UP 24", "Kristoffer Borgli", "", "Zendaya, Robert Pattinson, Alana Haim", "Zendaya, Robert Pattinson, Alana Haim, Mamoudou Athie", "USD 28,000,000", "USD 14,380,197", "USD 48,062,006", "USD 132,264,111", "Boston, Massachusetts, USA", "English", "Dolby Digital, Dolby Atmos", "1.85 : 1", "Color", "0", "7", "Movie", "False", "False", "False"
"Ikka", "https://www.imdb.com/title/tt39632269/", "5.4", "3293", "2026", "10/7/2026", "Crime, Drama, Thriller", "8400", "A respected attorney must defend a murder suspect he previously brought down. Forced into the case, he bends every rule to secure freedom for his former enemy or risk losing all he cherishes.", "https://m.media-amazon.com/images/M/MV5BOWE0ZTYxYTEtZDY5Ni00NDhkLWEyNjItMDc1NzE1MGJjMzhlXkEyXkFqcGc@._V1_.jpg", "Sunny Deol and Akshaye Khanna in Ikka (2026)", "", "TV-MA", "Released", "", "IN", "35", "DOWN 3", "Siddharth P Malhotra", "Althea Kaushal, Mayank Tewari", "Sunny Deol, Akshaye Khanna, Dia Mirza", "Sunny Deol, Akshaye Khanna, Dia Mirza, Tillotama Shome", "", "", "", "", "", "Hindi", "Dolby Atmos", "2.39 : 1", "Color", "0", "0", "Movie", "False", "False", "False"
"Enola Holmes 3", "https://www.imdb.com/title/tt32278481/", "5.7", "22030", "2026", "1/7/2026", "Action, Adventure, Comedy", "6300", "Detective Enola Holmes heads to Malta, where her aspirations merge in her most complex and dangerous case yet.", "https://m.media-amazon.com/images/M/MV5BYzVhNmQ0MzItNjg3Mi00MzM1LWI5MDUtOGZlMTFjNTJjMTM2XkEyXkFqcGc@._V1_.jpg", "Helena Bonham Carter, Henry Cavill, Sharon Duncan-Brewster, Himesh Patel, Millie Bobby Brown, and Louis Partridge in Enola Holmes 3 (2026)", "60", "PG-13", "Released", "teen adventure, mother daughter relationship, sociopathic woman, clue, character name in title", "US", "36", "DOWN 19", "Philip Barantini", "Jack Thorne, Nancy Springer", "Millie Bobby Brown, Henry Cavill, Helena Bonham Carter", "Millie Bobby Brown, Henry Cavill, Helena Bonham Carter, Louis Partridge", "", "", "", "", "Valletta, Malta", "English", "Dolby Atmos", "2.39 : 1", "Color", "0", "0", "Movie", "False", "False", "False"
"Masters of the Universe", "https://www.imdb.com/title/tt0427340/", "6.8", "49660", "2026", "5/6/2026", "Action, Adventure, Fantasy", "8400", "A young man on Earth discovers a fabulous secret legacy as the prince of an alien planet, and must recover a magic sword and return home to protect his kingdom.", "https://m.media-amazon.com/images/M/MV5BMTJjYTFkM2EtZjBmNy00OTk2LTg0NTAtNzYxYzlmNjhkMzQ5XkEyXkFqcGc@._V1_.jpg", "Jared Leto, Idris Elba, Gary Martin, James Purefoy, Morena Baccarin, Kristen Wiig, Alison Brie, Tom Wilton, Nicholas Galitzine, Camila Mendes, and Sam C. Wilson in Masters of the Universe (2026)", "52", "PG-13", "Released", "masters of the universe, beefcake, superhero, bare chested male, magical sword", "US", "23", "DOWN 4", "Travis Knight", "Chris Butler, Aaron Nee, Adam Nee", "Nicholas Galitzine, Camila Mendes, Idris Elba", "Nicholas Galitzine, Camila Mendes, Idris Elba, Jared Leto", "USD 170,000,000", "USD 29,439,929", "USD 64,639,107", "USD 113,370,814", "Wells Cathedral, Wells, England, UK", "English", "Dolby Atmos, Dolby Digital, IMAX 6-Track", "2.39 : 1", "Color", "0", "5", "Movie", "False", "False", "False"
"Young Washington", "https://www.imdb.com/title/tt32104007/", "7.5", "8575", "2026", "3/7/2026", "Action, Adventure, Biography", "7260", "A young George Washington faces war, betrayal and impossible choices that will forge a leader.", "https://m.media-amazon.com/images/M/MV5BNTE3NDY5OWUtZmM5Ny00NDJiLTlkZDQtN2E5MWFjZWUyMDZkXkEyXkFqcGc@._V1_.jpg", "Young Washington (2026)", "49", "PG-13", "Released", "native american, native america, american history, surrender, plantation", "US", "39", "DOWN 21", "Jon Erwin", "Diederik Hoogstraten, Tom Provost, Jon Erwin", "William Franklyn-Miller, Mary-Louise Parker, Leo Hanna", "William Franklyn-Miller, Mary-Louise Parker, Leo Hanna, Mia Rodgers", "", "USD 19,372,216", "USD 41,018,236", "USD 41,027,197", "Ireland", "English", "", "2.39 : 1", "Color", "0", "0", "Movie", "False", "False", "False"
"Ready or Not 2: Here I Come", "https://www.imdb.com/title/tt33978029/", "6.5", "60713", "2026", "20/3/2026", "Comedy, Horror, Thriller", "6480", "Grace MacCaullay battles old wounds with her estranged sister Faith MacCaullay while rival occult dynasties hunt them through a deadly contest that promises power, survival, and betrayal before dawn.", "https://m.media-amazon.com/images/M/MV5BZTM3N2EyMTEtNDhkMi00ZjNiLWI0MWUtOGViMjExODY3YTJhXkEyXkFqcGc@._V1_.jpg", "David Cronenberg, Elijah Wood, Sarah Michelle Gellar, Nestor Carbonell, Shawn Hatosy, Kevin Durand, Kathryn Newton, Dan Beirne, Maia Jae, Juan Pablo Romero, Olivia Cheng, Samara Weaving, Varun Saranga, Nadeem Umar-Khitab, Masa Lizdek, and Antony Hall in Ready or Not 2: Here I Come (2026)", "58", "R", "Released", "dark comedy, sequel, satanic cult, splatter horror, woman bound and gagged", "US", "40", "DOWN 13", "", "Guy Busick, R. Christopher Murphy", "Samara Weaving, Kathryn Newton, Elijah Wood", "Samara Weaving, Kathryn Newton, Elijah Wood, Sarah Michelle Gellar", "USD 17,000,000", "USD 9,075,271", "USD 22,986,054", "USD 39,674,785", "Toronto, Ontario, Canada", "English", "Dolby Atmos, Dolby Digital", "2.39 : 1", "Color", "0", "2", "Movie", "False", "False", "False"
"The Whisper Man", "https://www.imdb.com/title/tt11561116/", "0", "0", "2026", "28/8/2026", "Crime, Drama, Thriller", "6660", "A grieving father and his young son relocate to the quiet town of Featherbank, which was terrorized by a serial killer known as The Whisper Man 15 years earlier, while rumors circulated that Whisper Man worked with an accomplice.", "https://m.media-amazon.com/images/M/MV5BZDdjOTQzMzEtZjYyOC00MWI0LWJlZDItNDBmMDFmODYxZDk1XkEyXkFqcGc@._V1_.jpg", "Acston Luca Porto in The Whisper Man (2026)", "", "R", "Post-production", "serial killer, killer, father, young, town", "US", "45", "UP 1151", "James Ashcroft", "Ben Jacoby, Alex North, Chase Palmer", "Hamish Linklater, Michelle Monaghan, Robert De Niro", "Hamish Linklater, Michelle Monaghan, Robert De Niro, Adam Scott", "", "", "", "", "New Jersey, USA", "English", "Dolby Digital", "", "Color", "0", "0", "Movie", "False", "False", "False"
"Mayday", "https://www.imdb.com/title/tt28014327/", "0", "0", "2026", "4/9/2026", "Action, Adventure, Comedy", "6600", "Lieutenant Troy Brennan's reconnaissance mission over Soviet territory goes awry, forcing him to crash-land and survive in Russian wilderness while evading capture or rescue.", "https://m.media-amazon.com/images/M/MV5BMThiYzMzMjktODgwMy00M2U0LWJmZmMtODQ1MzA2YzNiNjM5XkEyXkFqcGc@._V1_.jpg", "Kenneth Branagh and Ryan Reynolds in Mayday (2026)", "", "PG-13", "Completed", "wilderness, top secret mission", "US", "46", "UP 5242", "", "John Francis Daley, Jonathan Goldstein", "Luis Fernando Becerra Sanchez, Ryan Reynolds, Kenneth Branagh", "Luis Fernando Becerra Sanchez, Ryan Reynolds, Kenneth Branagh, David Morse", "", "", "", "", "Montréal, Québec, Canada", "English", "", "", "Color", "0", "0", "Movie", "False", "False", "False"
"The Devil Wears Prada 2", "https://www.imdb.com/title/tt33612209/", "6.4", "75751", "2026", "1/5/2026", "Comedy, Drama", "7140", "Andy Sachs reunites with Miranda Priestly as they navigate their careers amid the decline of traditional magazine publishing.", "https://m.media-amazon.com/images/M/MV5BZmM3ZDU3ODItZmY5Yi00OTQ2LWE5OTctZTA5NDBhMWJkOGY3XkEyXkFqcGc@._V1_.jpg", "Meryl Streep, Stanley Tucci, Anne Hathaway, and Emily Blunt in The Devil Wears Prada 2 (2026)", "63", "PG-13", "Released", "new york city, sequel, journalist, dior, fashion magazine", "US", "33", "DOWN 8", "David Frankel", "Lauren Weisberger, Aline Brosh McKenna", "Meryl Streep, Anne Hathaway, Emily Blunt", "Meryl Streep, Anne Hathaway, Emily Blunt, Stanley Tucci", "USD 100,000,000", "USD 76,747,075", "USD 220,493,976", "USD 688,218,976", "Kaufman Astoria Studios - 3412 36th Street, Astoria, Queens, New York City, New York, USA", "English, Italian, French", "Dolby Atmos", "2.39 : 1", "Color", "2", "4", "Movie", "False", "False", "False"
"Dune: Part Three", "https://www.imdb.com/title/tt31378509/", "0", "0", "2026", "18/12/2026", "Action, Adventure, Drama", "", "Emperor Paul Atreides faces the fallout from his ascent to power as political plots and a galaxy-wide holy war endanger the future only he can see.", "https://m.media-amazon.com/images/M/MV5BYjk1NjgwZDMtYzI5OS00Y2Q4LWI1NmItNTE5OGU2NDVmMTAxXkEyXkFqcGc@._V1_.jpg", "Timothée Chalamet and Zendaya in Dune: Part Three (2026)", "", "", "Completed", "sequel, third part, dune, epic action, desert", "US", "50", "DOWN 31", "Denis Villeneuve", "Denis Villeneuve, Brian K. Vaughan, Frank Herbert", "Timothée Chalamet, Zendaya, Jason Momoa", "Timothée Chalamet, Zendaya, Jason Momoa, Javier Bardem", "", "", "", "", "Budapest, Hungary", "English", "IMAX 6-Track, Dolby Atmos, Dolby Surround 7.1, 12-Track Digital Sound", "2.20 : 1", "Color", "1", "3", "Movie", "False", "False", "False"
"The Dog Stars", "https://www.imdb.com/title/tt21285562/", "0", "0", "2026", "28/8/2026", "Action, Adventure, Drama", "6000", "In a post-apocalyptic world, a virus wipes out humanity. Survivors face roaming scavengers called Reapers. Protagonist Hig, a pilot, survived the flu but lost his wife.", "https://m.media-amazon.com/images/M/MV5BOThjZGM1Y2QtYTZmOS00NGE3LTk0MjEtMWM2Y2QyM2VkMmE3XkEyXkFqcGc@._V1_.jpg", "Josh Brolin, Guy Pearce, Margaret Qualley, and Jacob Elordi in The Dog Stars (2026)", "", "R", "Completed", "dystopian sci fi, survival adventure, quest adventure, psychological drama, epic sci fi", "US", "52", "UP 233", "Ridley Scott", "Peter Heller, Mark L. Smith, Christopher Wilkinson", "Margaret Qualley, Jacob Elordi, Allison Janney", "Margaret Qualley, Jacob Elordi, Allison Janney, Josh Brolin", "", "", "", "", "Avezzano, L'Aquila, Abruzzo, Italy", "English", "", "2.39 : 1", "Color", "0", "0", "Movie", "False", "False", "False"
"Punjab '95", "https://www.imdb.com/title/tt28089784/", "9", "105001", "2026", "3/7/2026", "Biography, Crime, Drama", "10140", "Based on the life of prominent human rights activist Jaswant Singh Khalra.", "https://m.media-amazon.com/images/M/MV5BOTk1YTdiMDItZjAzOS00Njc0LTk3YTUtYjdiMWMyNDFhM2QzXkEyXkFqcGc@._V1_.jpg", "Arjun Rampal, Kanwaljeet Singh, Suvinder Vicky, and Diljit Dosanjh in Punjab '95 (2026)", "", "", "Released", "based on real people, 1990s, year 1995, 20th century, city in title", "IN", "53", "DOWN 46", "Honey Trehan", "Niren Bhatt, Utsav Maitra, Honey Trehan", "Diljit Dosanjh, Saurabh Sachdeva, Veer Abhinav", "Diljit Dosanjh, Saurabh Sachdeva, Veer Abhinav, Varun Badola", "", "", "", "", "Amritsar, Punjab, India", "Punjabi, Hindi, English", "Dolby Digital, Dolby Atmos", "2.39:1", "Color", "0", "0", "Movie", "False", "False", "False"
"The Uprising", "https://www.imdb.com/title/tt36983905/", "0", "0", "2026", "11/9/2026", "Action, Drama, History", "7620", "In plague-ravaged 14th century England a peasant triggers a rebellion against King Richard II and unintentionally becomes a legend of resistance.", "https://m.media-amazon.com/images/M/MV5BODc1ZWRlMjQtMDc4NC00ODczLWIwNGMtZmFlZjA3YzIyZWVhXkEyXkFqcGc@._V1_.jpg", "Andrew Garfield in The Uprising (2026)", "", "", "Completed", "14th century, medieval, britain, medieval england", "GB", "54", "UP 1610", "Paul Greengrass", "", "Andrew Garfield, Jamie Bell, Stephen Dillane", "Andrew Garfield, Jamie Bell, Stephen Dillane, Tom Hollander", "", "", "", "", "Penzing Studios, Landsberg, Bavaria, Germany", "English", "", "", "Color", "0", "0", "Movie", "False", "False", "False"
"Hope", "https://www.imdb.com/title/tt27369017/", "7", "798", "2026", "9/9/2026", "Action, Drama, Horror", "9600", "A mysterious discovery is made on the outskirts of the remote harbor town. The residents find themselves in a desperate fight for survival against something they have never encountered before.", "https://m.media-amazon.com/images/M/MV5BNzQwNzI5OTUtZjEzOS00ODI0LTk1MTEtNTNjNTdmYjFmNGQwXkEyXkFqcGc@._V1_.jpg", "Hope (2026)", "68", "", "Released", "resident, extraterrestrial, village, police officer, secret", "KR", "56", "DOWN 34", "Na Hong-jin", "", "Hwang Jung-min, Zo In-sung, Hoyeon", "Hwang Jung-min, Zo In-sung, Hoyeon, Michael Fassbender", "", "", "", "USD 106,855", "Jeju Island, South Korea", "Korean, English", "Dolby Digital", "2.35 : 1", "Color", "0", "1", "Movie", "False", "False", "False"
"The Bay", "https://www.imdb.com/title/tt30217600/", "3.9", "595", "2026", "17/7/2026", "Drama, Horror, Thriller", "5220", "Two best friends, Emma and Lani, attending a destination wedding in Thailand, find themselves trapped on a sinking tour boat in the heart of a tiger shark sanctuary.", "https://m.media-amazon.com/images/M/MV5BY2ZlZDc3YjItNjMxNi00ZGQwLWFkMzUtMDVlODg5NDI4NGZlXkEyXkFqcGc@._V1_.jpg", "Francesca Eastwood and Dani Oliveros in The Bay (2026)", "", "TV-14", "Released", "mayday, bailing water out of boat, choked, broken foot, southeast asia", "US", "57", "UP 2300", "Phil Volken", "", "Francesca Eastwood, Alexander Wraith, Dani Oliveros", "Francesca Eastwood, Alexander Wraith, Dani Oliveros, Ta'imua", "", "", "", "", "Maya Bay, Ko Phi Phi Leh, Thailand", "English", "", "1.85 : 1", "", "0", "0", "Movie", "False", "False", "False"
"Passenger", "https://www.imdb.com/title/tt33763941/", "5.5", "13994", "2026", "22/5/2026", "Horror, Thriller", "5820", "After a young couple witnesses a gruesome highway accident, they soon realize they did not leave the crash scene alone, as a demonic presence called the Passenger won't stop until it claims them both.", "https://m.media-amazon.com/images/M/MV5BNDhmZmJlMDctNTA3MS00NTkwLThkZGQtMjM5MTdmMDg2YjBjXkEyXkFqcGc@._V1_.jpg", "Passenger (2026)", "52", "R", "Released", "supernatural horror, psychological horror, road trip, demonic entity, one word title", "US", "58", "DOWN 34", "André Øvredal", "Zachary Donohue, T.W. Burgess", "Jacob Scipio, Lou Llobell, Melissa Leo", "Jacob Scipio, Lou Llobell, Melissa Leo, Joseph Lopez", "", "USD 8,746,797", "USD 18,041,122", "USD 31,620,508", "Wenatchee, Washington, USA", "English", "Dolby Atmos", "2.39 : 1", "Color", "0", "0", "Movie", "False", "False", "False"
"Remarkably Bright Creatures", "https://www.imdb.com/title/tt33100314/", "7.7", "42714", "2026", "8/5/2026", "Comedy, Drama", "6660", "Through unlikely bonds formed during night shifts at a local aquarium, Tova, an elderly widow, learns of a life-changing discovery that may bring her joy and wonder once again.", "https://m.media-amazon.com/images/M/MV5BNzM3OTRlZDktYTk0OS00OTlmLWFhMjctMTZiODU4N2RiYzhhXkEyXkFqcGc@._V1_.jpg", "Sally Field, Alfred Molina, and Lewis Pullman in Remarkably Bright Creatures (2026)", "55", "PG-13", "Released", "cornhole, octopus, road trip, aquarium, van", "US", "59", "UP 6", "Olivia Newman", "Olivia Newman, John Whittington, Shelby Van Pelt", "Sally Field, Lewis Pullman, Colm Meaney", "Sally Field, Lewis Pullman, Colm Meaney, Joan Chen", "", "", "", "", "Maple Ridge, British Columbia, Canada", "English", "Dolby Digital", "1.85 : 1", "Color", "0", "7", "Movie", "False", "False", "False"
"Send Help", "https://www.imdb.com/title/tt8036976/", "6.7", "138413", "2026", "30/1/2026", "Adventure, Horror, Thriller", "6780", "An overworked analyst and her arrogant nepo-baby boss survive a plane crash near Thailand and must cooperate to survive on a remote jungle island while their workplace power dynamic collapses around them.", "https://m.media-amazon.com/images/M/MV5BOTgxOWY5NTMtYjdiNi00NTIyLTkwMTQtMWNjM2IzYTU0ODgyXkEyXkFqcGc@._V1_.jpg", "Rachel McAdams and Dylan O'Brien in Send Help (2026)", "75", "R", "Released", "airplane crash, female rage, castaway, island, stranded on an island", "US", "49", "DOWN 3", "Sam Raimi", "Damian Shannon, Mark Swift", "Rachel McAdams, Dylan O'Brien, Edyll Ismail", "Rachel McAdams, Dylan O'Brien, Edyll Ismail, Dennis Haysbert", "USD 40,000,000", "USD 19,102,299", "USD 64,734,795", "USD 94,041,481", "Thailand", "English", "IMAX 6-Track, 12-Track Digital Sound, Dolby Atmos, DTS:X, SDDS", "2.39 : 1", "Color", "0", "8", "Movie", "False", "False", "False"
"The Runner", "https://www.imdb.com/title/tt34564059/", "0", "0", "2026", "2/9/2026", "Action, Drama, Thriller", "", "A high-powered attorney must race through London to save her abducted son while following cryptic commands from a mysterious caller.", "https://m.media-amazon.com/images/M/MV5BYzgzYzVhY2QtNjIzNi00Zjk5LWE1ZmQtYmJkNGY3YmExNDdlXkEyXkFqcGc@._V1_.jpg", "Gal Gadot in The Runner (2026)", "", "PG-13", "Completed", "attorney, mysterious caller, london england, abduction", "GB", "62", "UP 24753", "Kevin Macdonald", "", "Gal Gadot, Aaron Gill, Pierre Bergman", "Gal Gadot, Aaron Gill, Pierre Bergman, Millicent Wong", "", "", "", "", "", "English", "", "", "Color", "0", "0", "Movie", "False", "False", "False"
"Citizen Vigilante", "https://www.imdb.com/title/tt35309713/", "5.9", "32855", "2026", "19/6/2026", "Action, Crime, Thriller", "5340", "A man takes justice into his own hands, hunting down criminals. His vigilante crusade makes him a social media star but puts him at odds with the local police chief.", "https://m.media-amazon.com/images/M/MV5BN2FjZjE2YmUtNjE2NS00ZjcyLWEwMzUtZGYwNzI0ZWQxODVlXkEyXkFqcGc@._V1_.jpg", "Armie Hammer in Citizen Vigilante (2026)", "", "Not Rated", "Released", "no justice, vigilante, violence, b movie, male rear nudity", "HR", "63", "DOWN 37", "Uwe Boll", "", "Armie Hammer, Costas Mandylor, Désirée Giorgetti", "Armie Hammer, Costas Mandylor, Désirée Giorgetti, Steffen Mennekes", "", "", "", "", "Zagreb, Croatia", "English", "Dolby Digital", "2.39 : 1", "", "0", "0", "Movie", "False", "False", "False"
"In the Grey", "https://www.imdb.com/title/tt27681354/", "6.3", "29334", "2026", "15/5/2026", "Action, Drama, Thriller", "5880", "A covert team of elite operatives are living in the shadows. When a ruthless despot steals a billion-dollar fortune, they're sent to take it back-an impossible heist that erupts into a deadly game of strategy, deception and survival.", "https://m.media-amazon.com/images/M/MV5BMTZkMTIzMTItMTQwZS00MTg4LWE0MTEtM2NiNmUzYjRmMGUxXkEyXkFqcGc@._V1_.jpg", "Henry Cavill, Jake Gyllenhaal, and Eiza González in In the Grey (2026)", "53", "R", "Released", "escape, jeddah saudi arabia, asset seizure, caper, self sacrifice", "GB", "52", "DOWN 9", "Guy Ritchie", "", "Henry Cavill, Jake Gyllenhaal, Eiza González", "Henry Cavill, Jake Gyllenhaal, Eiza González, Carlos Bardem", "", "USD 2,926,879", "USD 5,723,890", "USD 27,225,194", "Tenerife, Canary Islands, Spain", "English", "Dolby Atmos, Dolby Digital", "2.39 : 1", "Color", "0", "0", "Movie", "False", "False", "False"
"23 000 Lives", "https://www.imdb.com/title/tt41983440/", "4.6", "821", "2026", "17/7/2026", "Drama", "6720", "A group of young people set out to rescue refugees in distress in the Mediterranean. But their understanding of law and justice is soon put to a severe test.", "https://m.media-amazon.com/images/M/MV5BYTEwNDFmMGQtYTdkYS00NWQ4LWExODAtYWYyZThkNjM4NDZhXkEyXkFqcGc@._V1_.jpg", "23 000 Lives (2026)", "", "", "Released", "", "DE", "66", "UP 4909", "Markus Goller", "Michele Cinque, Oliver Ziegenbalg", "Louis Hofmann, Mala Emde, Katharina Stark", "Louis Hofmann, Mala Emde, Katharina Stark, Maria Dragus", "", "", "", "", "Berlin, Germany", "German, English", "", "", "Color", "0", "0", "Movie", "False", "False", "False"
"Apex", "https://www.imdb.com/title/tt16431404/", "6.1", "99081", "2026", "24/4/2026", "Action, Thriller", "5700", "A mountain climber haunted by a fatal decision in Norway retreats to the Australian wilderness for isolation. Her journey turns into a desperate hunt when a deceptive local targets her as his next ritualistic prey in the bush.", "https://m.media-amazon.com/images/M/MV5BNjUzODE2ZWYtMDdiMS00ZTA0LWI4MzEtNDkyODNiNmIwMWY1XkEyXkFqcGc@._V1_.jpg", "Charlize Theron and Taron Egerton in Apex (2026)", "58", "R", "Released", "serial killer, river, survival adventure, climbing, australia", "US", "67", "UP 10", "Baltasar Kormákur", "", "Charlize Theron, Taron Egerton, Eric Bana", "Charlize Theron, Taron Egerton, Eric Bana, Matt Whelan", "", "", "", "", "Blue Mountains, New South Wales, Australia", "English", "Dolby Atmos", "2.20 : 1", "Color", "0", "3", "Movie", "False", "False", "False"
"Pressure", "https://www.imdb.com/title/tt32547691/", "7.3", "15463", "2026", "29/5/2026", "Drama, History, Thriller", "6000", "In the tense 72 hours before D-Day, General Dwight D. Eisenhower and Captain James Stagg face an impossible choice--launch the most dangerous seaborne invasion in history or risk losing the war altogether.", "https://m.media-amazon.com/images/M/MV5BMjE2YjdkNDctMDg1MS00MjBjLWIyZjEtZWM1ZjczNTAzZGEyXkEyXkFqcGc@._V1_.jpg", "Brendan Fraser and Andrew Scott in Pressure (2026)", "69", "PG-13", "Released", "world war two, seaborne invasion, invasion, d day, bloody water", "GB", "58", "DOWN 20", "Anthony Maras", "David Haig, Anthony Maras", "Andrew Scott, Brendan Fraser, Kerry Condon", "Andrew Scott, Brendan Fraser, Kerry Condon, Chris Messina", "", "USD 5,811,480", "USD 15,569,855", "USD 19,014,222", "Camber Sands, Camber, East Sussex, England, UK", "English", "", "1.85 : 1", "Color", "1", "0", "Movie", "False", "False", "False"
"Hokum", "https://www.imdb.com/title/tt35672862/", "6.7", "48266", "2026", "1/5/2026", "Horror, Thriller", "6420", "A horror writer visits an Irish inn to scatter his parents' ashes, unaware the property is said to be haunted by a witch.", "https://m.media-amazon.com/images/M/MV5BZjA1ZjFlZGItNTVjZC00NTFhLTg2YTEtODMzODRmNGFiNTdmXkEyXkFqcGc@._V1_.jpg", "Adam Scott in Hokum (2026)", "76", "R", "Released", "haunted hotel room, hotel, supernatural horror, psychological horror, witch horror", "IE", "57", "DOWN 7", "Damian McCarthy", "", "Adam Scott, Peter Coonan, David Wilmot", "Adam Scott, Peter Coonan, David Wilmot, Austin Amelio", "", "USD 6,428,305", "USD 17,000,014", "USD 24,071,317", "Skibbereen, Co. Cork, Ireland", "English", "Dolby Atmos", "2.39 : 1", "Color", "0", "7", "Movie", "False", "False", "False"
"Idiots", "https://www.imdb.com/title/tt6628920/", "5.3", "172", "2026", "28/8/2026", "Comedy, Crime", "5880", "Two rock-bottom drivers transport a wealthy teen to rehab, but their simple job spirals into a chaotic journey of drugs, danger, and crime as their passenger derails their plans.", "https://m.media-amazon.com/images/M/MV5BZjI0MTAxYjktMTYxMi00MzIxLWFlMGMtMDJhNjJhZGZmZGU2XkEyXkFqcGc@._V1_.jpg", "Peter Dinklage, Nicholas Braun, Dave Franco, Kiernan Shipka, O'Shea Jackson Jr., and Mason Thames in Idiots (2026)", "67", "R", "Released", "millionaire, dark comedy", "US", "70", "UP 349", "Macon Blair", "Macon Blair, Alex Orr", "Dave Franco, O'Shea Jackson Jr., Mason Thames", "Dave Franco, O'Shea Jackson Jr., Mason Thames, Killer Mike", "", "", "", "", "Paulding County, Georgia, USA", "English", "", "", "Color", "0", "1", "Movie", "False", "False", "False"
"Scary Movie", "https://www.imdb.com/title/tt32093575/", "5.1", "36886", "2026", "5/6/2026", "Comedy, Horror", "5760", "Two friends find themselves caught up in mayhem involving killers, monsters and supernatural creatures once again.", "https://m.media-amazon.com/images/M/MV5BNTJjMDk1NzAtMGVmNS00NTFmLWFlOTQtZDk5M2I2NjZiZDdlXkEyXkFqcGc@._V1_.jpg", "Marlon Wayans, Chris Elliott, Anna Faris, Regina Hall, Cheri Oteri, Dave Sheridan, Shawn Wayans, Sydney Park, Gregg Wayans, Olivia Rose Keegan, Savannah Lee Nassif, and Cameron Scott Roberts in Scary Movie (2026)", "38", "R", "Released", "crude humor comedy, slasher horror, diaper wearing woman, raunchy comedy, gay man", "US", "46", "DOWN 16", "Michael Tiddes", "Marlon Wayans, Shawn Wayans, Keenen Ivory Wayans", "Marlon Wayans, Shawn Wayans, Anna Faris", "Marlon Wayans, Shawn Wayans, Anna Faris, Regina Hall", "USD 30,000,000", "USD 54,336,626", "USD 107,736,956", "USD 228,746,993", "Tyler Perry Studios, Atlanta, Georgia, USA", "English", "Dolby Digital, Dolby Atmos", "2.39 : 1", "Color", "0", "2", "Movie", "False", "False", "False"
"Mortal Kombat II", "https://www.imdb.com/title/tt17490712/", "6.4", "62954", "2026", "8/5/2026", "Action, Adventure, Fantasy", "6960", "The fan favorite champions -- now joined by Johnny Cage himself -- are pitted against one another in the ultimate battle to defeat the dark rule of Shao Kahn that threatens the very existence of the Earthrealm and its defenders.", "https://m.media-amazon.com/images/M/MV5BNTg2YWNkN2EtMzc1Ny00ZTBhLWFmYTItMmMyNzhjNjhhNmVhXkEyXkFqcGc@._V1_.jpg", "Tadanobu Asano, Damon Herriman, Josh Lawson, Hiroyuki Sanada, Karl Urban, Ana Thu Nguyen, CJ Bloomfield, Lewis Tan, Mehcad Brooks, Chin Han, Jessica McNamee, Joe Taslim, Ludi Lin, Desmond Chiam, Max Huang, Tati Gabrielle, Martyn Ford, and Adeline Rudolph in Mortal Kombat II (2026)", "46", "R", "Released", "mortal kombat, based on video game, martial arts, dark fantasy, sequel", "US", "67", "DOWN 18", "Simon McQuoid", "Jeremy Slater, Ed Boon, John Tobias", "Adeline Rudolph, Karl Urban, Martyn Ford", "Adeline Rudolph, Karl Urban, Martyn Ford, Tati Gabrielle", "USD 80,000,000", "USD 38,501,177", "USD 79,770,110", "USD 129,470,110", "Village Roadshow Studios, Oxenford, Queensland, Australia", "English, Spanish", "Dolby Digital, Dolby Surround 7.1, IMAX 6-Track, Auro 11.1, Dolby Atmos", "2.39 : 1", "Color", "0", "3", "Movie", "False", "False", "False"
"Runner", "https://www.imdb.com/title/tt31349844/", "0", "0", "2026", "11/9/2026", "Action, Comedy, Thriller", "5820", "A former soldier is thrown into a brutal race against time when a critical medical delivery makes him the target of a ruthless cartel.", "https://m.media-amazon.com/images/M/MV5BZWY4YWYxNWItOGIzNC00ZDI3LTk3OGUtYWRlODRkMDA4YWY1XkEyXkFqcGc@._V1_.jpg", "Runner (2026)", "", "PG-13", "Completed", "", "AU", "75", "UP 845", "Scott Waugh", "Miles Hubley, Tommy White", "Alan Ritchson, Owen Wilson, Leila George", "Alan Ritchson, Owen Wilson, Leila George, Rodrigo Santoro", "", "", "", "", "Brisbane, Queensland, Australia", "English", "", "", "Color", "0", "0", "Movie", "False", "False", "False"
"How to Make a Killing", "https://www.imdb.com/title/tt4357198/", "6.5", "36174", "2026", "20/2/2026", "Comedy, Drama, Thriller", "6300", "Disowned at birth by his obscenely wealthy family, blue-collar Becket Redfellow will stop at nothing to reclaim his inheritance, no matter how many relatives stand in his way.", "https://m.media-amazon.com/images/M/MV5BOTkwY2JjMWYtOGU4YS00ZTg0LWIzYzUtZDkxNDE5NWNkNWM1XkEyXkFqcGc@._V1_.jpg", "Glen Powell in How to Make a Killing (2026)", "49", "R", "Released", "family relationships, young, caper crime, satire comedy, dark comedy", "GB", "76", "DOWN 13", "John Patton Ford", "John Patton Ford, Robert Hamer, John Dighton", "Glen Powell, Margaret Qualley, Jessica Henwick", "Glen Powell, Margaret Qualley, Jessica Henwick, Adrian Lukis", "", "USD 3,488,298", "USD 7,851,600", "USD 21,655,441", "Cape Town, South Africa", "English", "", "2.39 : 1", "Color", "0", "2", "Movie", "False", "False", "False"
