name, rating, votes, link, image, plot, genres, runtime, certificate, keywords, countriesOfOrigin, meterRanking, meterRankChange, directors, writers, stars, topCast, budget, openingWeekendGross, lifetimeGross, worldwideGross, filmingLocations, spokenLanguages, soundMix, aspectRatio, color, awardWins, awardNominations, titleType, isSeries, isEpisode, isAdult

"The Odyssey", "8.2", "52527", "https://www.imdb.com/title/tt33764258/", "https://m.media-amazon.com/images/M/MV5BNTcyNmJlZmQtNDUwYy00NDBjLTg1NGQtYTY2Y2UxMWM3NmI1XkEyXkFqcGc@._V1_.jpg", "After the Trojan War, Odysseus faces a dangerous voyage back to Ithaca, meeting creatures like the Cyclops Polyphemus, Sirens, and Calypso along the way.", "Adventure, Drama, Fantasy", "172", "R", "return from war, long lost husband, trojan horse, ancient greece, epic action", "GB", "1", "UP 4", "Christopher Nolan", "Christopher Nolan, Homer", "Travis Scott, Matt Damon, Robert Pattinson", "Travis Scott, Matt Damon, Robert Pattinson, Corey Hawkins", "USD 250,000,000", "", "", "USD 21,780,296", "Messinia, Peloponnese region, Greece", "English", "IMAX 6-Track, Dolby Surround 5.1, Dolby Digital, IMAX 5.0, Dolby Surround 7.1", "", "Color", "2", "0", "Movie", "False", "False", "False"
"Obsession", "7.9", "224854", "https://www.imdb.com/title/tt37287335/", "https://m.media-amazon.com/images/M/MV5BYzc1NWUwMDgtNGZlMS00ZmYzLWIzMzktNmMxMmY1MTUzNWExXkEyXkFqcGc@._V1_.jpg", "Baron &quot;Bear&quot; Bailey breaks a novelty charm to force his co-worker Nikki Freeman to love him, but the supernatural compulsion warps her mind into violent obsession, trapping him in a nightmare he cannot wish away.", "Horror, Romance, Thriller", "108", "R", "wish, obsession, supernatural horror, hopeless romantic, suicide by overdose", "US", "2", "DOWN 1", "Curry Barker", "", "Michael Johnston, Inde Navarrette, Cooper Tomlinson", "Michael Johnston, Inde Navarrette, Cooper Tomlinson, Megan Lawless", "USD 750,000", "USD 17,196,855", "USD 255,991,260", "USD 429,336,260", "Los Angeles, California, USA", "English", "D-Cinema 48kHz 5.1, Dolby Atmos, Dolby Digital", "1.50 : 1", "Color", "7", "15", "Movie", "False", "False", "False"
"The Sheep Detectives", "7.4", "71123", "https://www.imdb.com/title/tt32565993/", "https://m.media-amazon.com/images/M/MV5BNTFmZWI4YmMtNmQ0ZC00ZGQwLTk1OWEtZjAyZmIzOGY0MGFiXkEyXkFqcGc@._V1_.jpg", "Every night a shepherd reads aloud a murder mystery, pretending his sheep can understand. When he is found dead, the sheep realize at once that it was a murder and think they know everything about how to go about solving it.", "Comedy, Family, Mystery", "109", "PG", "whodunnit mystery, animals family, sheep, small town, police detective", "GB", "3", "DOWN 1", "Kyle Balda", "Craig Mazin, Leonie Swann", "Hugh Jackman, Brett Goldstein, Patrick Stewart", "Hugh Jackman, Brett Goldstein, Patrick Stewart, Regina Hall", "USD 75,000,000", "USD 15,087,796", "USD 66,078,506", "USD 130,574,611", "Hambleden, Buckinghamshire, England, UK", "English", "Dolby Digital, Dolby Atmos", "2.00 : 1", "Color", "1", "0", "Movie", "False", "False", "False"
"Project Hail Mary", "8.2", "429728", "https://www.imdb.com/title/tt12042730/", "https://m.media-amazon.com/images/M/MV5BNTkwNzJiYTctNzI3NC00NjE1LTlhYjktY2Q5MTdmMWFmNzcxXkEyXkFqcGc@._V1_.jpg", "A science teacher wakes up alone on a spaceship. As his memory returns, he uncovers a mission to stop a mysterious substance killing Earth&apos;s sun, and realizes that an unexpected friendship may be the key.", "Adventure, Comedy, Drama", "156", "PG-13", "outer space, alien, space sci fi, astronaut, based on novel", "US", "4", "DOWN 1", "", "Drew Goddard, Andy Weir", "Ryan Gosling, Sandra Hüller, James Ortiz", "Ryan Gosling, Sandra Hüller, James Ortiz, Lionel Boyce", "USD 200,000,000", "USD 80,506,007", "USD 344,050,007", "USD 683,979,467", "South Parade Pier, Southsea, Portsmouth, Hampshire, England, UK", "English", "Dolby Atmos, IMAX 6-Track, Dolby Digital", "2.00 : 1", "Color", "7", "11", "Movie", "False", "False", "False"
"Evil Dead Burn", "6.7", "14570", "https://www.imdb.com/title/tt31170389/", "https://m.media-amazon.com/images/M/MV5BZTljMTZjZTItZjMzZi00NDBhLWFmMzAtOGNiNTlhY2MxMzg5XkEyXkFqcGc@._V1_.jpg", "After the loss of her husband, a woman seeks solace with her in-laws. As one by one they transform into deadites, she comes to discover that the vows she took in life - survive even in death.", "Fantasy, Horror, Mystery", "110", "R", "deadites, body horror, supernatural horror, zombie horror, monster horror", "NZ", "5", "UP 31", "Sébastien Vanicek", "Sébastien Vanicek, Florent Bernard", "Souheila Yacoub, Tandi Wright, Hunter Doohan", "Souheila Yacoub, Tandi Wright, Hunter Doohan, Luciane Buchanan", "USD 20,000,000", "USD 13,701,012", "USD 13,701,012", "USD 25,032,990", "Auckland, New Zealand", "English", "Dolby Digital, Dolby Atmos", "2.39 : 1", "Color", "0", "0", "Movie", "False", "False", "False"
"Moana", "5.7", "7202", "https://www.imdb.com/title/tt27419466/", "https://m.media-amazon.com/images/M/MV5BMTQ1OTQ2Y2UtMzllNS00ODFiLWFkNGItNGRjOWRlMjIwNTRlXkEyXkFqcGc@._V1_.jpg", "Live-action adaptation of the 2016 Disney animated film &apos;Moana.&apos;", "Action, Adventure, Comedy", "115", "PG", "remake, chicken, water, disney live action remake of animated film, live action adaptation", "US", "6", "UP 25", "Thomas Kail", "Jared Bush, Dana Ledoux Miller, Ron Clements", "Dwayne Johnson, Catherine Laga'aia, Rena Owen", "Dwayne Johnson, Catherine Laga'aia, Rena Owen, John Tui", "USD 250,000,000", "USD 43,142,824", "USD 43,142,824", "USD 95,142,824", "Oahu, Hawaii, USA", "English, Samoan", "IMAX 6-Track, Dolby Atmos, Dolby Digital", "2.39 : 1", "Color", "0", "0", "Movie", "False", "False", "False"
"Satluj", "9.1", "104117", "https://www.imdb.com/title/tt28089784/", "https://m.media-amazon.com/images/M/MV5BOTk1YTdiMDItZjAzOS00Njc0LTk3YTUtYjdiMWMyNDFhM2QzXkEyXkFqcGc@._V1_.jpg", "Based on the life of prominent human rights activist Jaswant Singh Khalra.", "Biography, Crime, Drama", "169", "", "based on real people, 1990s, year 1995, 20th century, city in title", "IN", "7", "UP 100", "Honey Trehan", "Niren Bhatt, Utsav Maitra, Honey Trehan", "Diljit Dosanjh, Saurabh Sachdeva, Veer Abhinav", "Diljit Dosanjh, Saurabh Sachdeva, Veer Abhinav, Varun Badola", "", "", "", "", "Amritsar, Punjab, India", "English, Punjabi, Hindi", "Dolby Digital, Dolby Atmos", "2.39:1", "Color", "0", "0", "Movie", "False", "False", "False"
"The Invite", "7.9", "12726", "https://www.imdb.com/title/tt14173636/", "https://m.media-amazon.com/images/M/MV5BMjI0MzJjMjctNmQzZi00Y2U4LWEwZGItMmE3NDUzNzk1YzY3XkEyXkFqcGc@._V1_.jpg", "Joe and Angela&apos;s marriage is on thin ice. When they invite their enigmatic upstairs neighbors for a dinner party, the night spirals into unexpected places.", "Comedy, Drama, Romance", "107", "R", "neighbor neighbor relationship, male female relationship, husband wife relationship, dysfunctional marriage, based on film", "US", "8", "UP 9", "Olivia Wilde", "Cesc Gay, Will McCormack, Rashida Jones", "Seth Rogen, Olivia Wilde, Penélope Cruz", "Seth Rogen, Olivia Wilde, Penélope Cruz, Edward Norton", "", "USD 379,104", "USD 7,384,507", "USD 9,643,957", "Glen Park Station, San Francisco, California, USA", "English", "Dolby Digital", "1.85 : 1", "Color", "2", "5", "Movie", "False", "False", "False"
"Backrooms", "7", "119045", "https://www.imdb.com/title/tt26657236/", "https://m.media-amazon.com/images/M/MV5BYzQyYjZmMjctMzIyZi00MDI0LWJhNGQtMzQ3MTFlNDgwNGM5XkEyXkFqcGc@._V1_.jpg", "After a therapist&apos;s patient disappears into a dimension beyond reality, she must venture into the unknown to save him.", "Horror, Sci-Fi, Thriller", "110", "R", "psychological horror, backrooms, creepypasta, liminal space, room", "US", "9", "DOWN 2", "Kane Parsons", "Will Soodik, Kane Parsons", "Chiwetel Ejiofor, Renate Reinsve, Mark Duplass", "Chiwetel Ejiofor, Renate Reinsve, Mark Duplass, Finn Bennett", "USD 10,000,000", "USD 81,402,424", "USD 195,248,636", "USD 377,639,097", "15 King Edward Street, Coquitlam, British Columbia, Canada", "English, Portuguese, Turkish, Arabic, Japanese", "Dolby Atmos", "1.85 : 1", "Color", "0", "14", "Movie", "False", "False", "False"
"Toy Story 5", "7.5", "49151", "https://www.imdb.com/title/tt29355505/", "https://m.media-amazon.com/images/M/MV5BZTI1YTBiNmEtYWUxZi00YzFkLWIzNjMtMmZjMmY2NzM0ZWMzXkEyXkFqcGc@._V1_.jpg", "Woody, Buzz, Jessie and the rest of the gang&apos;s jobs are challenged when they&apos;re introduced to electronics, a new threat to playtime.", "Animation, Adventure, Comedy", "102", "PG", "sequel, talking toy, buzz lightyear character, dinosaur, cowboy toy", "US", "10", "UP 2", "", "Andrew Stanton, McKenna Harris", "Tom Hanks, Tim Allen, Joan Cusack", "Tom Hanks, Tim Allen, Joan Cusack, Conan O'Brien", "USD 250,000,000", "USD 159,677,837", "USD 416,118,566", "USD 891,418,566", "Pixar Animation Studios - 1200 Park Avenue, Emeryville, California, USA", "English", "Sonics-DDP, Auro 11.1, D-Cinema 96kHz Dolby Surround 7.1, Dolby Atmos, Dolby Digital, 12-Track Digital Sound, Dolby Surround 7.1, D-Cinema 96kHz 7.1, DTS:X", "1.85 : 1", "Color", "0", "4", "Movie", "False", "False", "False"
"Disclosure Day", "6.7", "82485", "https://www.imdb.com/title/tt15047880/", "https://m.media-amazon.com/images/M/MV5BMTgwNDI1ZjctYWNmMS00MTJhLTg1ZWItMzI1Yjk5NjZkYWFkXkEyXkFqcGc@._V1_.jpg", "If you found out we weren&apos;t alone, if someone showed you, proved it to you, would that frighten you?", "Action, Drama, Mystery", "145", "PG-13", "supernatural fantasy, meteorologist, alien, paranoia, on the run", "US", "11", "UP 2", "Steven Spielberg", "David Koepp, Steven Spielberg", "Emily Blunt, Josh O'Connor, Colin Firth", "Emily Blunt, Josh O'Connor, Colin Firth, Eve Hewson", "USD 115,000,000", "USD 44,530,925", "USD 113,253,560", "USD 233,269,101", "New Jersey, USA", "English", "70 mm 6-Track, Dolby Atmos, Dolby Surround 5.1, IMAX 6-Track, Dolby Surround 7.1", "2.39 : 1", "Color", "2", "8", "Movie", "False", "False", "False"
"Voicemails for Isabelle", "7.3", "36290", "https://www.imdb.com/title/tt10375624/", "https://m.media-amazon.com/images/M/MV5BMTE3MmE2MTYtMjA4OC00ZTIxLWFlNWYtZjk4ZTBkZDdiYzU0XkEyXkFqcGc@._V1_.jpg", "Jill leaves voice messages to her deceased sister telling her about her chaotic life in San Francisco. Unwittingly, a mysterious Austin TX real estate agent begins to receive their confessions..", "Comedy, Drama, Romance", "118", "TV-14", "feel good romance, male nudity, romantic comedy, bare chested male, male side nudity", "US", "12", "DOWN 2", "Leah McKendrick", "", "Zoey Deutch, Nick Robinson, Harry Shum Jr.", "Zoey Deutch, Nick Robinson, Harry Shum Jr., Leah McKendrick", "", "", "", "", "Vancouver, British Columbia, Canada", "English", "Dolby Digital", "2.39 : 1", "Color", "0", "0", "Movie", "False", "False", "False"
"Supergirl", "6.1", "50679", "https://www.imdb.com/title/tt8814476/", "https://m.media-amazon.com/images/M/MV5BMmJkOTE0MWUtY2E5OS00NzEyLWI4NjEtYzQzYzFmMjk5ODE3XkEyXkFqcGc@._V1_.jpg", "Kara Zor-El, aka Supergirl, joins forces with an unlikely companion on an interstellar journey of vengeance and justice when an unexpected adversary strikes too close to home.", "Action, Adventure, Drama", "108", "PG-13", "dog, animal, pet, shared universe, superheroine", "US", "13", "DOWN 9", "Craig Gillespie", "Ana Nogueira, Jerry Siegel, Joe Shuster", "Milly Alcock, David Corenswet, Eve Ridley", "Milly Alcock, David Corenswet, Eve Ridley, Matthias Schoenaerts", "USD 170,000,000", "USD 37,102,018", "USD 68,432,228", "USD 119,332,228", "Iceland", "English", "Dolby Digital, Dolby Atmos, IMAX 6-Track", "2.39 : 1", "Color", "0", "4", "Movie", "False", "False", "False"
"Lee Cronin&apos;s the Mummy", "6.2", "55424", "https://www.imdb.com/title/tt32612507/", "https://m.media-amazon.com/images/M/MV5BNWQ1NzI2YTUtN2E0ZS00YzVmLTkxNjktMWIzNTYwMzkyOTU0XkEyXkFqcGc@._V1_.jpg", "Eight years after her sudden disappearance in Egypt, a severely traumatized teenager is returned to her shattered family in New Mexico, triggering a visceral nightmare as they realize she is hosting an ancient, demonic parasite.", "Horror", "134", "R", "egypt, mummified body, creepy child, egyptian, jump scare", "IE", "14", "UP 1", "Lee Cronin", "", "Jack Reynor, Laia Costa, May Calamawy", "Jack Reynor, Laia Costa, May Calamawy, Natalie Grace", "USD 22,000,000", "USD 13,517,172", "USD 29,152,113", "USD 90,552,113", "Ardmore Studios - Herbert Rd, Killarney, Bray, Co. Wicklow, Ireland", "English, Spanish, Arabic", "IMAX 6-Track, Dolby Atmos, Dolby Digital", "2.39 : 1", "Color", "0", "1", "Movie", "False", "False", "False"
"Minions &amp; Monsters", "6.5", "13068", "https://www.imdb.com/title/tt32890033/", "https://m.media-amazon.com/images/M/MV5BYzBjMDg4YjctYzg3ZS00ZDFmLWI1YjctM2RkZGVjZWEyYWQ0XkEyXkFqcGc@._V1_.jpg", "Follows the Minions in 1920s Hollywood as they search for frightening creatures for their monster movie, partner with a green creature, and must save the planet after unleashing monsters.", "Animation, Adventure, Comedy", "90", "PG", "cg animation, farce comedy, cgi animation, despicable me's minion character, slapstick comedy", "US", "15", "DOWN 1", "Pierre Coffin", "Pierre Coffin, Brian Lynch", "Pierre Coffin, Trey Parker, Allison Janney", "Pierre Coffin, Trey Parker, Allison Janney, George Lucas", "", "USD 37,003,505", "USD 108,923,365", "USD 281,060,365", "", "English", "Dolby Atmos", "2.39 : 1", "Color", "0", "0", "Movie", "False", "False", "False"
"Huo zhe yan", "7.4", "15503", "https://www.imdb.com/title/tt33311069/", "https://m.media-amazon.com/images/M/MV5BODUyZjg2YzctNGE3Yi00YjhhLTkyZTItZTAwZTNhNDA1ODQzXkEyXkFqcGc@._V1_.jpg", "A father fights fiercely against ruthless kidnappers to save his abducted daughter.", "Action, Crime, Thriller", "113", "R", "martial arts action, tradesman, martial arts, kung fu action, journalist", "HK", "16", "UP 35", "Kenji Tanigaki", "Tin Shu Mak, Zhilong Lei, Kwan-Sin Shum", "Miao Xie, Joe Taslim, Enyou Yang", "Miao Xie, Joe Taslim, Enyou Yang, Brian Le", "USD 20,000,000", "USD 2,805,717", "USD 6,502,610", "USD 39,698,633", "Bangkok, Thailand", "Mandarin, English, Thai, Tagalog", "Dolby Surround 5.1, Dolby Atmos", "2.39 : 1", "Color", "2", "5", "Movie", "False", "False", "False"
"Enola Holmes 3", "5.8", "19536", "https://www.imdb.com/title/tt32278481/", "https://m.media-amazon.com/images/M/MV5BYzVhNmQ0MzItNjg3Mi00MzM1LWI5MDUtOGZlMTFjNTJjMTM2XkEyXkFqcGc@._V1_.jpg", "Detective Enola Holmes heads to Malta, where her aspirations merge in her most complex and dangerous case yet.", "Action, Adventure, Comedy", "105", "PG-13", "teen adventure, mother daughter relationship, sociopathic woman, clue, character name in title", "US", "17", "DOWN 8", "Philip Barantini", "Jack Thorne, Nancy Springer", "Millie Bobby Brown, Henry Cavill, Helena Bonham Carter", "Millie Bobby Brown, Henry Cavill, Helena Bonham Carter, Louis Partridge", "", "", "", "", "Valletta, Malta", "English", "Dolby Atmos", "2.39 : 1", "Color", "0", "0", "Movie", "False", "False", "False"
"Young Washington", "7.5", "7768", "https://www.imdb.com/title/tt32104007/", "https://m.media-amazon.com/images/M/MV5BNTE3NDY5OWUtZmM5Ny00NDJiLTlkZDQtN2E5MWFjZWUyMDZkXkEyXkFqcGc@._V1_.jpg", "A young George Washington faces war, betrayal and impossible choices that will forge a leader.", "Action, Adventure, Biography", "121", "PG-13", "native american, native america, american history, surrender, plantation", "US", "18", "DOWN 7", "Jon Erwin", "Diederik Hoogstraten, Tom Provost, Jon Erwin", "William Franklyn-Miller, Mary-Louise Parker, Leo Hanna", "William Franklyn-Miller, Mary-Louise Parker, Leo Hanna, Mia Rodgers", "", "USD 19,372,216", "USD 33,105,849", "USD 33,105,849", "Ireland", "English", "", "2.39 : 1", "Color", "0", "0", "Movie", "False", "False", "False"
"Dune: Part Three", "0", "0", "https://www.imdb.com/title/tt31378509/", "https://m.media-amazon.com/images/M/MV5BYjk1NjgwZDMtYzI5OS00Y2Q4LWI1NmItNTE5OGU2NDVmMTAxXkEyXkFqcGc@._V1_.jpg", "Emperor Paul Atreides faces the fallout from his ascent to power as political plots and a galaxy-wide holy war endanger the future only he can see.", "Action, Adventure, Drama", "0", "", "sequel, third part, dune, epic action, desert", "US", "19", "UP 212", "Denis Villeneuve", "Denis Villeneuve, Brian K. Vaughan, Frank Herbert", "Timothée Chalamet, Zendaya, Jason Momoa", "Timothée Chalamet, Zendaya, Jason Momoa, Javier Bardem", "", "", "", "", "Budapest, Hungary", "English", "IMAX 6-Track, Dolby Atmos, Dolby Surround 7.1, 12-Track Digital Sound", "2.20 : 1", "Color", "1", "3", "Movie", "False", "False", "False"
"Spider-Man: Brand New Day", "0", "0", "https://www.imdb.com/title/tt22084616/", "https://m.media-amazon.com/images/M/MV5BOWNjYWM3NWItOGE0ZS00MWRjLThiZWEtYjc4ZmNmMmU5ZTVmXkEyXkFqcGc@._V1_.jpg", "A forgotten Peter Parker lives alone as a full-time Spider-Man until mounting pressure triggers a dangerous change and a powerful new enemy emerges.", "Action, Adventure, Fantasy", "145", "PG-13", "shared universe, spider man character, 3d, 3 dimensional, supervillain", "US", "20", "UP 4", "Destin Daniel Cretton", "Chris McKenna, Erik Sommers, Stan Lee", "Tom Holland, Zendaya, Sadie Sink", "Tom Holland, Zendaya, Sadie Sink, Jacob Batalon", "", "", "", "", "Glasgow, Scotland, UK", "English", "IMAX 6-Track, Dolby Atmos, Dolby Digital, Dolby Surround 7.1, Dolby Surround 5.1", "", "Color", "0", "1", "Movie", "False", "False", "False"
"Michael", "7.4", "151387", "https://www.imdb.com/title/tt11378946/", "https://m.media-amazon.com/images/M/MV5BNzllNmRlN2EtMDQyOC00ODJjLTg4OWQtZDNmNGU3YzlkNjc1XkEyXkFqcGc@._V1_.jpg", "The early life of musician Michael Jackson, from the discovery of his talent as the lead of the Jackson Five to the artist whose creative ambition fueled a pursuit to become the biggest entertainer in the world.", "Biography, Drama, History", "127", "PG-13", "michael jackson character, king of pop, 20th century, 1980s, year 1984", "US", "21", "DOWN 3", "Antoine Fuqua", "", "Jaafar Jackson, Nia Long, Colman Domingo", "Jaafar Jackson, Nia Long, Colman Domingo, Juliano Valdi", "USD 155,000,000", "USD 97,206,874", "USD 372,055,734", "USD 980,991,365", "Sony Pictures Studios - 10202 W. Washington Blvd., Culver City, California, USA", "English", "Dolby Digital, IMAX 6-Track, IMAX 5.0, Dolby Atmos, Dolby Surround 7.1, DTS:X, Datasat", "1.85 : 1", "Color", "7", "5", "Movie", "False", "False", "False"
"Hopeu", "6.9", "618", "https://www.imdb.com/title/tt27369017/", "https://m.media-amazon.com/images/M/MV5BNzQwNzI5OTUtZjEzOS00ODI0LTk1MTEtNTNjNTdmYjFmNGQwXkEyXkFqcGc@._V1_.jpg", "A mysterious discovery is made on the outskirts of the remote harbor town. The residents find themselves in a desperate fight for survival against something they have never encountered before.", "Action, Drama, Horror", "160", "", "resident, extraterrestrial, village, police officer, secret", "KR", "22", "UP 389", "Na Hong-jin", "", "Hwang Jung-min, Zo In-sung, Hoyeon", "Hwang Jung-min, Zo In-sung, Hoyeon, Michael Fassbender", "", "", "", "", "Jeju Island, South Korea", "Korean, English", "Dolby Digital", "2.35 : 1", "Color", "0", "1", "Movie", "False", "False", "False"
"Masters of the Universe", "6.8", "45741", "https://www.imdb.com/title/tt0427340/", "https://m.media-amazon.com/images/M/MV5BMTJjYTFkM2EtZjBmNy00OTk2LTg0NTAtNzYxYzlmNjhkMzQ5XkEyXkFqcGc@._V1_.jpg", "A young man on Earth discovers a fabulous secret legacy as the prince of an alien planet, and must recover a magic sword and return home to protect his kingdom.", "Action, Adventure, Fantasy", "140", "PG-13", "masters of the universe, beefcake, superhero, bare chested male, magical sword", "US", "23", "DOWN 4", "Travis Knight", "Chris Butler, Aaron Nee, Adam Nee", "Nicholas Galitzine, Camila Mendes, Idris Elba", "Nicholas Galitzine, Camila Mendes, Idris Elba, Jared Leto", "USD 170,000,000", "USD 29,439,929", "USD 64,639,107", "USD 113,370,814", "Wells Cathedral, Wells, England, UK", "English", "Dolby Atmos, Dolby Digital, IMAX 6-Track", "2.39 : 1", "Color", "0", "5", "Movie", "False", "False", "False"
"Passenger", "5.5", "12550", "https://www.imdb.com/title/tt33763941/", "https://m.media-amazon.com/images/M/MV5BNDhmZmJlMDctNTA3MS00NTkwLThkZGQtMjM5MTdmMDg2YjBjXkEyXkFqcGc@._V1_.jpg", "After a young couple witnesses a gruesome highway accident, they soon realize they did not leave the crash scene alone, as a demonic presence called the Passenger won&apos;t stop until it claims them both.", "Horror, Thriller", "97", "R", "supernatural horror, psychological horror, road trip, one word title, old woman", "US", "24", "UP 301", "André Øvredal", "Zachary Donohue, T.W. Burgess", "Jacob Scipio, Lou Llobell, Melissa Leo", "Jacob Scipio, Lou Llobell, Melissa Leo, Joseph Lopez", "", "USD 8,746,797", "USD 18,041,122", "USD 31,620,508", "Wenatchee, Washington, USA", "English", "Dolby Atmos", "2.39 : 1", "Color", "0", "0", "Movie", "False", "False", "False"
"The Long Walk", "6.7", "130734", "https://www.imdb.com/title/tt10374610/", "https://m.media-amazon.com/images/M/MV5BNmE4YmIxNWQtMzJhMy00NDI5LWFmYjEtMGYyMmFhNzdjODVmXkEyXkFqcGc@._V1_.jpg", "A group of teenage boys compete in an annual contest known as &quot;The Long Walk,&quot; in which they must maintain a certain walking speed or get shot.", "Horror, Thriller", "108", "R", "friendship, male protagonist, self sacrifice, death game, teenage boy", "US", "25", "UP 161", "Francis Lawrence", "JT Mollner, Stephen King", "Cooper Hoffman, David Jonsson, Garrett Wareing", "Cooper Hoffman, David Jonsson, Garrett Wareing, Tut Nyuot", "USD 20,000,000", "USD 11,703,621", "USD 35,163,573", "USD 63,249,525", "Garson, Manitoba, Canada", "English", "DTS:X, 12-Track Digital Sound, Dolby Atmos", "2.39 : 1", "Color", "5", "18", "Movie", "False", "False", "False"
"Citizen Vigilante", "6", "31693", "https://www.imdb.com/title/tt35309713/", "https://m.media-amazon.com/images/M/MV5BN2FjZjE2YmUtNjE2NS00ZjcyLWEwMzUtZGYwNzI0ZWQxODVlXkEyXkFqcGc@._V1_.jpg", "A man takes justice into his own hands, hunting down criminals. His vigilante crusade makes him a social media star but puts him at odds with the local police chief.", "Action, Crime, Thriller", "89", "Not Rated", "no justice, vigilante, violence, b movie, male rear nudity", "HR", "26", "DOWN 18", "Uwe Boll", "", "Armie Hammer, Costas Mandylor, Désirée Giorgetti", "Armie Hammer, Costas Mandylor, Désirée Giorgetti, Steffen Mennekes", "", "", "", "", "Zagreb, Croatia", "English", "Dolby Digital", "2.39 : 1", "", "0", "0", "Movie", "False", "False", "False"
"Ready or Not: Here I Come", "6.5", "58167", "https://www.imdb.com/title/tt33978029/", "https://m.media-amazon.com/images/M/MV5BZTM3N2EyMTEtNDhkMi00ZjNiLWI0MWUtOGViMjExODY3YTJhXkEyXkFqcGc@._V1_.jpg", "Grace MacCaullay battles old wounds with her estranged sister Faith MacCaullay while rival occult dynasties hunt them through a deadly contest that promises power, survival, and betrayal before dawn.", "Comedy, Horror, Thriller", "108", "R", "dark comedy, sequel, satanic cult, splatter horror, woman bound and gagged", "US", "27", "DOWN 6", "", "Guy Busick, R. Christopher Murphy", "Samara Weaving, Kathryn Newton, Elijah Wood", "Samara Weaving, Kathryn Newton, Elijah Wood, Sarah Michelle Gellar", "USD 17,000,000", "USD 9,075,271", "USD 22,986,054", "USD 39,674,785", "Toronto, Ontario, Canada", "English", "Dolby Atmos, Dolby Digital", "2.39 : 1", "Color", "0", "2", "Movie", "False", "False", "False"
"The Housemaid", "6.7", "173886", "https://www.imdb.com/title/tt27543632/", "https://m.media-amazon.com/images/M/MV5BNjZiYjg3YzEtZTkwOS00MWYzLTgxODctNmNhMWU2MTI2YmVjXkEyXkFqcGc@._V1_.jpg", "Millie a struggling young woman becomes live in maid for a wealthy couple Nina and Andrew. She enters a mansion of secrets, manipulation, and escalating psychological games that pull her into a dangerous relationship dynamic.", "Drama, Mystery, Thriller", "131", "R", "abusive relationship, based on novel, psychological thriller, abusive man, abusive husband", "US", "28", "UP 12", "Paul Feig", "Rebecca Sonnenshine, Freida McFadden", "Sydney Sweeney, Amanda Seyfried, Brandon Sklenar", "Sydney Sweeney, Amanda Seyfried, Brandon Sklenar, Peter Colandro", "USD 35,000,000", "USD 19,010,430", "USD 126,432,462", "USD 400,530,884", "Saint Elizabeth University, Morristown, New Jersey, USA", "English, Italian", "Dolby Atmos", "2.39 : 1", "Color", "1", "11", "Movie", "False", "False", "False"
"Tuner", "7.2", "16054", "https://www.imdb.com/title/tt33296751/", "https://m.media-amazon.com/images/M/MV5BNDA0ZjZjYTktZjg1MC00MDRiLWEzYjItMTQ1ZWFkOTUxNjc0XkEyXkFqcGc@._V1_.jpg", "A talented piano tuner who suffers from hyperacusis discovers an unexpected aptitude for cracking safes, turning his life upside down.", "Crime, Drama, Music", "107", "R", "heist crime, eating paper, piano concert, wristwatch, headphone", "CA", "29", "DOWN 1", "Daniel Roher", "Daniel Roher, Robert Ramsey", "Leo Woodall, Dustin Hoffman, Alisen Richmond-Peck", "Leo Woodall, Dustin Hoffman, Alisen Richmond-Peck, Ellyn Jameson", "", "USD 104,420", "USD 4,511,186", "USD 12,859,124", "Toronto, Ontario, Canada", "English", "Dolby Digital", "1.85 : 1", "Color", "0", "5", "Movie", "False", "False", "False"
"Avatar: Fire and Ash", "7.2", "190488", "https://www.imdb.com/title/tt1757678/", "https://m.media-amazon.com/images/M/MV5BZDYxY2I1OGMtN2Y4MS00ZmU1LTgyNDAtODA0MzAyYjI0N2Y2XkEyXkFqcGc@._V1_.jpg", "Jake and Neytiri&apos;s family grapples with grief, encountering a new, aggressive Na&apos;vi tribe, the Ash People, who are led by the fiery Varang, as the conflict on Pandora escalates and a new moral focus emerges.", "Action, Adventure, Drama", "197", "PG-13", "alien, sequel, fire, planet, third part", "US", "30", "DOWN 8", "James Cameron", "James Cameron, Rick Jaffa, Amanda Silver", "Sam Worthington, Zoe Saldaña, Sigourney Weaver", "Sam Worthington, Zoe Saldaña, Sigourney Weaver, Stephen Lang", "USD 400,000,000", "USD 89,160,860", "USD 404,340,010", "USD 1,485,999,890", "New Zealand", "English", "IMAX 6-Track, 12-Track Digital Sound, Auro 11.1, Dolby Atmos", "", "Color", "41", "62", "Movie", "False", "False", "False"
"The Outer Threat", "4.7", "517", "https://www.imdb.com/title/tt33372918/", "https://m.media-amazon.com/images/M/MV5BNjBhZGE0NWUtNzkxMy00NDY1LWE2ZmEtMTNjZmY1OTc4ZjBkXkEyXkFqcGc@._V1_.jpg", "An astrophysicist&apos;s alien discovery forces him and his family to flee their home, chased by a mysterious pursuer. Their escape tests the limits between cosmic truth and paranoia.", "Adventure, Sci-Fi, Thriller", "94", "Unrated", "", "CA", "31", "UP 2847", "William Woods", "", "Constance Wu, Mark O'Brien, William Fichtner", "Constance Wu, Mark O'Brien, William Fichtner, Callista Crowe", "", "", "", "", "", "English", "Dolby Digital", "2.00 : 1", "Color", "0", "0", "Movie", "False", "False", "False"
"Ikka", "5.5", "2705", "https://www.imdb.com/title/tt39632269/", "https://m.media-amazon.com/images/M/MV5BOWE0ZTYxYTEtZDY5Ni00NDhkLWEyNjItMDc1NzE1MGJjMzhlXkEyXkFqcGc@._V1_.jpg", "A respected attorney must defend a murder suspect he previously brought down. Forced into the case, he bends every rule to secure freedom for his former enemy or risk losing all he cherishes.", "Crime, Drama, Thriller", "140", "TV-MA", "", "IN", "1521", "UP 936", "Siddharth P Malhotra", "Althea Kaushal, Mayank Tewari", "Sunny Deol, Akshaye Khanna, Dia Mirza", "Sunny Deol, Akshaye Khanna, Dia Mirza, Tillotama Shome", "", "", "", "", "", "Hindi", "Dolby Atmos", "2.39 : 1", "Color", "0", "0", "Movie", "False", "False", "False"
"The Devil Wears Prada 2", "6.5", "73055", "https://www.imdb.com/title/tt33612209/", "https://m.media-amazon.com/images/M/MV5BZmM3ZDU3ODItZmY5Yi00OTQ2LWE5OTctZTA5NDBhMWJkOGY3XkEyXkFqcGc@._V1_.jpg", "Andy Sachs reunites with Miranda Priestly as they navigate their careers amid the decline of traditional magazine publishing.", "Comedy, Drama", "119", "PG-13", "new york city, sequel, journalist, dior, fashion magazine", "US", "33", "DOWN 8", "David Frankel", "Lauren Weisberger, Aline Brosh McKenna", "Meryl Streep, Anne Hathaway, Emily Blunt", "Meryl Streep, Anne Hathaway, Emily Blunt, Stanley Tucci", "USD 100,000,000", "USD 76,747,075", "USD 220,493,976", "USD 688,218,976", "Kaufman Astoria Studios - 3412 36th Street, Astoria, Queens, New York City, New York, USA", "English, Italian, French", "Dolby Atmos", "2.39 : 1", "Color", "2", "4", "Movie", "False", "False", "False"
"The Drama", "7.2", "86315", "https://www.imdb.com/title/tt33071426/", "https://m.media-amazon.com/images/M/MV5BMTcwOGZhYmItYTg3ZS00NjUwLWJiMmQtMjU5YjEwYWY0NmNkXkEyXkFqcGc@._V1_.jpg", "A happily-engaged couple is put to the test when an unexpected turn sends their wedding week off the rails.", "Comedy, Drama, Romance", "105", "R", "dark comedy, man performs oral sex on a woman, reference to heroin, wedding plans, diet coke", "US", "34", "UP 24", "Kristoffer Borgli", "", "Zendaya, Robert Pattinson, Alana Haim", "Zendaya, Robert Pattinson, Alana Haim, Mamoudou Athie", "USD 28,000,000", "USD 14,380,197", "USD 48,062,006", "USD 132,264,111", "Boston, Massachusetts, USA", "English", "Dolby Digital, Dolby Atmos", "1.85 : 1", "Color", "0", "7", "Movie", "False", "False", "False"
"Village of the Giants", "3.8", "3035", "https://www.imdb.com/title/tt0059878/", "https://m.media-amazon.com/images/M/MV5BMmU1NGEyOTAtYWExYi00ZTIyLWEwODMtM2ZjZGNhMzcxZmI1XkEyXkFqcGc@._V1_.jpg", "Delinquent teenagers ingest a substance, grow 30 feet tall, and proceed to take over a small town.", "Comedy, Sci-Fi", "81", "Approved", "teenager, dancing, b movie, enlargement, downpour", "US", "35", "UP 13837", "Bert I. Gordon", "H.G. Wells, Alan Caillou, Bert I. Gordon", "Tommy Kirk, Johnny Crawford, Beau Bridges", "Tommy Kirk, Johnny Crawford, Beau Bridges, Ron Howard", "USD 750,000", "", "", "", "Whisky a Go Go - 8901 Sunset Blvd., Hollywood, Los Angeles, California, USA", "English", "", "1.85 : 1", "", "0", "1", "Movie", "False", "False", "False"
"Avatar Aang: The Last Airbender", "0", "0", "https://www.imdb.com/title/tt18259538/", "https://m.media-amazon.com/images/M/MV5BZGQzMzIzODAtZjc5Ni00ODRkLTlhMzMtNTVkOTI4MjBhNWEyXkEyXkFqcGc@._V1_.jpg", "Avatar Aang, the world&apos;s last Airbender, learns of an ancient power that could save his culture from extinction. With the help of his friends, he embarks on a global quest to find it before it falls into the wrong hands.", "Animation, Action, Adventure", "99", "PG", "aang character, based on tv series, number 1 in title, digit in title, number in title", "US", "36", "UP 59", "", "Kenneth Lin, Michael Dante DiMartino, Tim Hedrick", "Eric Nam, Dave Bautista, Jessica Matten", "Eric Nam, Dave Bautista, Jessica Matten, Román Zaragoza", "", "", "", "", "Sydney, New South Wales, Australia", "English", "Dolby Digital, Dolby Atmos, IMAX 5.0", "2.35 : 1", "Color", "0", "0", "Movie", "False", "False", "False"
"Evil Dead Rise", "6.5", "172088", "https://www.imdb.com/title/tt13345606/", "https://m.media-amazon.com/images/M/MV5BMjM1ZmViMmYtOGYzZC00YzhmLWE0MTMtMzNjYzcyNjEwYWRkXkEyXkFqcGc@._V1_.jpg", "A twisted tale of two estranged sisters whose reunion is cut short by the rise of flesh-possessing demons, thrusting them into a primal battle for survival as they face the most nightmarish version of family imaginable.", "Horror", "96", "R", "necronomicon, sister sister relationship, family relationships, sibling relationship, book of the dead", "IE", "37", "UP 130", "Lee Cronin", "", "Mirabai Pease, Richard Crouchley, Anna-Maree Thomas", "Mirabai Pease, Richard Crouchley, Anna-Maree Thomas, Lily Sullivan", "USD 12,000,000", "USD 24,504,315", "USD 67,233,054", "USD 147,133,054", "Auckland, New Zealand", "English", "Dolby Atmos, Dolby Digital, DTS:X, SDDS, Auro 11.1", "2.39 : 1", "Color", "4", "34", "Movie", "False", "False", "False"
"Gail Daughtry and the Celebrity Sex Pass", "6.8", "1154", "https://www.imdb.com/title/tt36834010/", "https://m.media-amazon.com/images/M/MV5BZTFjOGJhNzEtMWUxMC00Yjc1LWE1MTUtODc4Yzk3MzVjMWUyXkEyXkFqcGc@._V1_.jpg", "When her fiancé uses their &quot;celebrity pass&quot; agreement, Midwest bride Gail Daughtry travels to Hollywood seeking revenge by pursuing her own celebrity encounter.", "Comedy", "94", "R", "", "US", "38", "UP 66", "David Wain", "Ken Marino, David Wain", "Zoey Deutch, Fred Melamed, Michael Cassidy", "Zoey Deutch, Fred Melamed, Michael Cassidy, Mo Gaffney", "", "USD 953,724", "USD 953,724", "USD 953,724", "Santa Clarita, California, USA", "English", "", "", "Color", "0", "0", "Movie", "False", "False", "False"
"Dhamaal 4", "8.7", "32164", "https://www.imdb.com/title/tt27548557/", "https://m.media-amazon.com/images/M/MV5BNTI2YTA2YzktMGUwOS00Njk3LWE0M2MtNDE4YTljNDdjNjNlXkEyXkFqcGc@._V1_.jpg", "The Dhamaal boys are back and ready to chase the &quot;Treasure of Life,&quot; facing crazy challenges along the way. What starts as a treasure hunt quickly turns into a rollercoaster of hilarious misadventures.", "Action, Adventure, Comedy", "143", "", "quest adventure, sea adventure", "IN", "39", "UP 2541", "Indra Kumar", "Paritosh Painter, Vedd Prakash, Bunty Rathore", "Arshad Warsi, Ajay Devgn, Riteish Deshmukh", "Arshad Warsi, Ajay Devgn, Riteish Deshmukh, Anjali Anand", "", "", "", "", "", "Hindi", "Dolby Atmos, Dolby Digital", "2.39:1", "Color", "0", "0", "Movie", "False", "False", "False"
"Good Luck, Have Fun, Don&apos;t Die", "7", "62868", "https://www.imdb.com/title/tt1341338/", "https://m.media-amazon.com/images/M/MV5BOTQ0NzYzM2QtOWYzMC00MGU5LWJmMTQtYTU1ODU0ZjUwYjk0XkEyXkFqcGc@._V1_.jpg", "A &quot;Man From the Future&quot; arrives at a diner in Los Angeles where he must recruit the precise combination of disgruntled patrons to join him on a one-night quest to save the world from the terminal threat of a rogue artificial intel...", "Action, Adventure, Comedy", "134", "R", "quest, social media, restaurant, cell phone, married", "DE", "40", "DOWN 5", "Gore Verbinski", "", "Sam Rockwell, Juno Temple, Haley Lu Richardson", "Sam Rockwell, Juno Temple, Haley Lu Richardson, Michael Peña", "USD 20,000,000", "USD 3,644,275", "USD 8,431,443", "USD 9,791,436", "Cape Town, South Africa", "English", "Dolby Atmos", "2.39 : 1", "Color", "2", "3", "Movie", "False", "False", "False"
"Moana", "7.6", "445522", "https://www.imdb.com/title/tt3521164/", "https://m.media-amazon.com/images/M/MV5BMjI4MzU5NTExNF5BMl5BanBnXkFtZTgwNzY1MTEwMDI@._V1_.jpg", "In ancient Polynesia, when a terrible curse incurred by the demigod Maui reaches Moana&apos;s island, she answers the Ocean&apos;s call to seek out Maui to set things right.", "Animation, Adventure, Comedy", "107", "PG", "polynesia, island, ocean, polynesian, saving the world", "US", "41", "UP 171", "", "Jared Bush, Ron Clements, John Musker", "Auli'i Cravalho, Dwayne Johnson, Rachel House", "Auli'i Cravalho, Dwayne Johnson, Rachel House, Temuera Morrison", "USD 175,000,000", "USD 56,631,401", "USD 248,757,044", "USD 643,332,974", "Walt Disney Animation Studios - 500 S. Buena Vista Street, Burbank, California, USA", "English, French", "Dolby Atmos, Dolby Surround 7.1, Dolby Digital, 12-Track Digital Sound, SDDS", "2.39 : 1", "Color", "22", "91", "Movie", "False", "False", "False"
"Little Brother", "5.5", "10662", "https://www.imdb.com/title/tt34888871/", "https://m.media-amazon.com/images/M/MV5BNDVmOWNhNWYtM2Y1MS00MWFjLTlkNTctMTRkNmMxM2UwODZlXkEyXkFqcGc@._V1_.jpg", "A famous real estate agent&apos;s life is disrupted when his eccentric little brother unexpectedly reappears.", "Comedy", "102", "R", "female nudity, outdoor nudity, male full frontal nudity, sex scene, buddy comedy", "US", "42", "DOWN 22", "Matt Spicer", "Jarrad Paul, Andrew Mogel", "John Cena, Eric André, Michelle Monaghan", "John Cena, Eric André, Michelle Monaghan, Christopher Meloni", "", "", "", "", "New York City, New York, USA", "English", "Dolby Atmos", "1.85 : 1", "Color", "0", "0", "Movie", "False", "False", "False"
"The Shawshank Redemption", "9.3", "3207706", "https://www.imdb.com/title/tt0111161/", "https://m.media-amazon.com/images/M/MV5BMDAyY2FhYjctNDc5OS00MDNlLThiMGUtY2UxYWVkNGY2ZjljXkEyXkFqcGc@._V1_.jpg", "After a banker is sentenced to life in Shawshank Prison, he forms an unlikely friendship with a seasoned inmate and clings to hope amid cruelty and corruption.", "Drama", "142", "R", "prison, based on the works of stephen king, escape from prison, friendship between men, wrongful conviction", "US", "43", "DOWN 2", "Frank Darabont", "Stephen King, Frank Darabont", "Tim Robbins, Morgan Freeman, Bob Gunton", "Tim Robbins, Morgan Freeman, Bob Gunton, William Sadler", "USD 25,000,000", "USD 727,327", "USD 28,767,189", "USD 29,423,730", "Butler, Ohio, USA", "English", "Dolby Digital", "1.85 : 1", "Color", "21", "43", "Movie", "False", "False", "False"
"Alpha", "3.1", "23417", "https://www.imdb.com/title/tt28363783/", "https://m.media-amazon.com/images/M/MV5BOGQ1NzJlYzQtOTA0Yy00N2RiLTlkY2UtZWJlNzlmMzFmZjk0XkEyXkFqcGc@._V1_.jpg", "Driven by revenge, a young girl destroys anyone in her path until her journey uncovers the hidden truths of her own life. She is bold, cold, and ready to cross any line, hurting anyone who stands in her way.", "Action, Adventure, Thriller", "141", "", "spy, yrf spy universe, spy action, yash raj films spy universe", "IN", "44", "DOWN 18", "Shiv Rawail", "Uday Chopra, Ishita Moitra, Shridhar Raghavan", "Alia Bhatt, Sharvari, Anil Kapoor", "Alia Bhatt, Sharvari, Anil Kapoor, Bobby Deol", "", "", "", "USD 405,237", "Valladolid, Spain", "Hindi, Tamil, Telugu", "Dolby Digital, Dolby Atmos", "2.39:1", "Color", "0", "2", "Movie", "False", "False", "False"
"The Death of Robin Hood", "6.2", "6262", "https://www.imdb.com/title/tt32273171/", "https://m.media-amazon.com/images/M/MV5BYTRmNzlmZjEtYjkzMC00MmNjLThiOGYtZjM5MjFiZDQyM2IwXkEyXkFqcGc@._V1_.jpg", "Grappling with his past after a life of crime and murder, Robin Hood finds himself gravely injured after a battle he thought would be his last. In the hands of a mysterious woman, he is offered a chance at salvation.", "Action, Adventure, Drama", "122", "R", "robin hood character, folk horror, 13th century, five word title, snowstorm", "US", "45", "DOWN 16", "Michael Sarnoski", "", "Hugh Jackman, Jodie Comer, Bill Skarsgård", "Hugh Jackman, Jodie Comer, Bill Skarsgård, Jade Croot", "", "USD 2,867,662", "USD 5,267,972", "USD 6,801,718", "Northern Ireland, UK", "English", "Dolby Surround 7.1, Dolby Surround 5.1, Dolby Atmos", "1.66 : 1, 1.78 : 1, 2.39 : 1", "Color", "0", "0", "Movie", "False", "False", "False"
"Scary Movie", "5.2", "32698", "https://www.imdb.com/title/tt32093575/", "https://m.media-amazon.com/images/M/MV5BNTJjMDk1NzAtMGVmNS00NTFmLWFlOTQtZDk5M2I2NjZiZDdlXkEyXkFqcGc@._V1_.jpg", "Two friends find themselves caught up in mayhem involving killers, monsters and supernatural creatures once again.", "Comedy, Horror", "96", "R", "crude humor comedy, slasher horror, diaper wearing woman, raunchy comedy, gay man", "US", "46", "DOWN 16", "Michael Tiddes", "Marlon Wayans, Shawn Wayans, Keenen Ivory Wayans", "Marlon Wayans, Shawn Wayans, Anna Faris", "Marlon Wayans, Shawn Wayans, Anna Faris, Regina Hall", "USD 30,000,000", "USD 54,336,626", "USD 107,736,956", "USD 228,746,993", "Tyler Perry Studios, Atlanta, Georgia, USA", "English", "Dolby Digital, Dolby Atmos", "2.39 : 1", "Color", "0", "2", "Movie", "False", "False", "False"
"Undertone", "5.9", "25841", "https://www.imdb.com/title/tt35892608/", "https://m.media-amazon.com/images/M/MV5BZDY1YzI5NWUtYTdmYi00N2YyLWJmOWMtYWZiZTY5NTE0MjIxXkEyXkFqcGc@._V1_.jpg", "Evy Babic, a skeptical paranormal pod-caster caring for her comatose mother, receives disturbing recordings tied to a folkloric threat, and every new file pulls her closer to fears she can no longer explain away.", "Horror, Sci-Fi, Thriller", "94", "R", "supernatural horror, podcaster, podcast, psychological horror, folk horror", "CA", "47", "UP 21", "Ian Tuason", "", "Nina Kiri, Adam DiMarco, Michèle Duquet", "Nina Kiri, Adam DiMarco, Michèle Duquet, Keana Lyn Bastidas", "", "USD 9,069,849", "USD 20,001,151", "USD 21,585,980", "Toronto, Ontario, Canada", "English", "Dolby Atmos", "2.12 : 1", "Color", "0", "0", "Movie", "False", "False", "False"
"Old Henry", "7.3", "47019", "https://www.imdb.com/title/tt12731980/", "https://m.media-amazon.com/images/M/MV5BYzI5NTJiZTYtNDE0MS00ZTc3LWFiZTItOTY2Y2NlYTc2Mzc0XkEyXkFqcGc@._V1_.jpg", "A farmer takes in an injured man with a satchel of cash. When a posse comes for the money, he must decide who to trust. Defending a siege, he reveals a gunslinging talent calling his true identity into question.", "Action, Drama, Western", "99", "Not Rated", "farmer, fake lawman, hidden loot, gunfight, violence", "US", "48", "UP 346", "Potsy Ponciroli", "", "Tim Blake Nelson, Scott Haze, Gavin Lewis", "Tim Blake Nelson, Scott Haze, Gavin Lewis, Trace Adkins", "", "USD 21,161", "USD 42,068", "USD 77,463", "Watertown, Tennessee, USA", "English, Spanish", "Dolby Digital", "2.66 : 1", "Color", "3", "3", "Movie", "False", "False", "False"
"Send Help", "6.7", "135918", "https://www.imdb.com/title/tt8036976/", "https://m.media-amazon.com/images/M/MV5BOTgxOWY5NTMtYjdiNi00NTIyLTkwMTQtMWNjM2IzYTU0ODgyXkEyXkFqcGc@._V1_.jpg", "An overworked analyst and her arrogant nepo-baby boss survive a plane crash near Thailand and must cooperate to survive on a remote jungle island while their workplace power dynamic collapses around them.", "Adventure, Horror, Thriller", "113", "R", "airplane crash, female rage, castaway, island, stranded on an island", "US", "49", "DOWN 3", "Sam Raimi", "Damian Shannon, Mark Swift", "Rachel McAdams, Dylan O'Brien, Edyll Ismail", "Rachel McAdams, Dylan O'Brien, Edyll Ismail, Dennis Haysbert", "USD 40,000,000", "USD 19,102,299", "USD 64,734,795", "USD 94,041,481", "Thailand", "English", "IMAX 6-Track, 12-Track Digital Sound, Dolby Atmos, DTS:X, SDDS", "2.39 : 1", "Color", "0", "8", "Movie", "False", "False", "False"
"They Will Kill You", "6.3", "42609", "https://www.imdb.com/title/tt31728330/", "https://m.media-amazon.com/images/M/MV5BODIzZGNhNGUtOWM2My00ODM4LThmOWQtNTkzMzYwMTZhYzU1XkEyXkFqcGc@._V1_.jpg", "A woman takes a job as a housekeeper in a NYC high-rise, unaware of the building&apos;s history of disappearances. She soon realizes the community is shrouded in mystery.", "Action, Comedy, Horror", "94", "R", "female protagonist, horror comedy, one person army action, splatter horror, dark comedy", "US", "50", "DOWN 5", "Kirill Sokolov", "Kirill Sokolov, Alex Litvak", "Zazie Beetz, Patricia Arquette, Myha'la", "Zazie Beetz, Patricia Arquette, Myha'la, Paterson Joseph", "USD 20,000,000", "USD 4,970,938", "USD 10,882,152", "USD 19,382,152", "Cape Town, South Africa", "English", "Dolby Digital, Dolby Atmos", "2.20 : 1", "Color", "0", "3", "Movie", "False", "False", "False"
"Interstellar", "8.7", "2558363", "https://www.imdb.com/title/tt0816692/", "https://m.media-amazon.com/images/M/MV5BYzdjMDAxZGItMjI2My00ODA1LTlkNzItOWFjMDU5ZDJlYWY3XkEyXkFqcGc@._V1_.jpg", "In a dystopian future where Earth has become near-uninhabitable, a team of astronauts embark on a mission to find a new home for humanity.", "Adventure, Drama, Sci-Fi", "169", "PG-13", "saving the world, astronaut, space travel, father daughter relationship, wormhole", "US", "51", "UP 16", "Christopher Nolan", "Jonathan Nolan, Christopher Nolan", "Matthew McConaughey, Anne Hathaway, Jessica Chastain", "Matthew McConaughey, Anne Hathaway, Jessica Chastain, Ellen Burstyn", "USD 165,000,000", "USD 47,510,360", "USD 203,227,580", "USD 764,344,535", "Iceland", "English", "Datasat, Dolby Digital, IMAX 6-Track, Dolby Surround 7.1, Dolby Atmos, Auro 11.1", "", "Color", "45", "148", "Movie", "False", "False", "False"
"In the Grey", "6.3", "28218", "https://www.imdb.com/title/tt27681354/", "https://m.media-amazon.com/images/M/MV5BMTZkMTIzMTItMTQwZS00MTg4LWE0MTEtM2NiNmUzYjRmMGUxXkEyXkFqcGc@._V1_.jpg", "A covert team of elite operatives are living in the shadows. When a ruthless despot steals a billion-dollar fortune, they&apos;re sent to take it back-an impossible heist that erupts into a deadly game of strategy, deception and survival.", "Action, Drama, Thriller", "98", "R", "escape, jeddah saudi arabia, asset seizure, caper, self sacrifice", "GB", "52", "DOWN 9", "Guy Ritchie", "", "Henry Cavill, Jake Gyllenhaal, Eiza González", "Henry Cavill, Jake Gyllenhaal, Eiza González, Carlos Bardem", "", "USD 2,926,879", "USD 5,723,890", "USD 27,225,194", "Tenerife, Canary Islands, Spain", "English", "Dolby Atmos, Dolby Digital", "2.39 : 1", "Color", "0", "0", "Movie", "False", "False", "False"
"Black Box", "5", "1595", "https://www.imdb.com/title/tt32315584/", "https://m.media-amazon.com/images/M/MV5BNmFiZTE1YzAtZjUwOC00NTFhLWFkZDgtMWY4NTRmNjNjODhiXkEyXkFqcGc@._V1_.jpg", "Vero Airlines Flight 298 from New Orleans to Seattle becomes the center of a chilling supernatural mystery.", "Horror, Sci-Fi, Thriller", "85", "R", "tentacled alien, cosmic horror, lovecraftian, alien invasion sci fi, flight attendant", "US", "53", "UP 715", "Steven Quale", "", "Tom Brittney, Holly White, Betsy-Blue English", "Tom Brittney, Holly White, Betsy-Blue English, Dane Whyte O'Hara", "USD 10,000,000", "", "", "USD 224,611", "Sofia, Bulgaria", "English", "", "", "Color", "0", "0", "Movie", "False", "False", "False"
"Boulevard", "4.7", "746", "https://www.imdb.com/title/tt38235625/", "https://m.media-amazon.com/images/M/MV5BNDZmNGU2NGMtMTNkOC00MTk5LTlkN2EtYWQxZTRmMDcxMDYwXkEyXkFqcGc@._V1_.jpg", "Two high school outcasts find unexpected connection despite their personal demons. As Halsey battles addiction and Luke confronts his own darkness, their growing feelings force them to question if love is worth the risk.", "Drama, Romance", "112", "R", "disco party, newcomer in town, joint, teen drama, van", "ES", "54", "UP 5493", "Sonia Méndez", "Flor M. Salvador, Javier Ruescas", "Eve Ryan, Mikel Niso, Paula García Lara", "Eve Ryan, Mikel Niso, Paula García Lara, Jesús Martín", "", "USD 8,681", "USD 13,853", "USD 3,628,526", "Bilbao, Vizcaya, País Vasco, Spain", "Spanish", "", "2.00 : 1", "Color", "0", "0", "Movie", "False", "False", "False"
"Troy", "7.3", "622428", "https://www.imdb.com/title/tt0332452/", "https://m.media-amazon.com/images/M/MV5BMTk5MzU1MDMwMF5BMl5BanBnXkFtZTcwNjczODMzMw@@._V1_.jpg", "An adaptation of Homer&apos;s great epic, the film follows the assault on Troy by the united Greek forces.", "Action, Adventure", "163", "R", "mythology, greek myth, revenge, ancient troy, trojan horse", "GB", "126", "UP 82", "Wolfgang Petersen", "Homer, David Benioff", "Brad Pitt, Eric Bana, Orlando Bloom", "Brad Pitt, Eric Bana, Orlando Bloom, Julian Glover", "USD 175,000,000", "USD 46,865,412", "USD 133,378,256", "USD 497,409,852", "Cabo San Lucas, Baja California Sur, Mexico", "English", "Dolby Digital, SDDS, DTS", "2.39 : 1", "", "5", "23", "Movie", "False", "False", "False"
"Enola Holmes", "6.7", "251491", "https://www.imdb.com/title/tt7846844/", "https://m.media-amazon.com/images/M/MV5BMTRlYmI1NTMtYTVkYi00MjJkLWE3ZGItOThkYTdhNzBhMThhXkEyXkFqcGc@._V1_.jpg", "When Enola Holmes, Sherlock&apos;s sister, discovers her mother is missing, she endeavors to find her, becoming a super-sleuth in her own right as she outwits her famous brother and unravels a dangerous conspiracy.", "Adventure, Crime, Drama", "123", "PG-13", "based on novel, runaway, breaking the fourth wall, feminism, female detective", "US", "56", "DOWN 24", "Harry Bradbeer", "Jack Thorne, Nancy Springer, Arthur Conan Doyle", "Millie Bobby Brown, Henry Cavill, Sam Claflin", "Millie Bobby Brown, Henry Cavill, Sam Claflin, Helena Bonham Carter", "USD 20,000,000", "", "", "", "Severn Valley Railway Station, Kidderminster, Worcestershire, England, UK", "English", "Dolby Digital", "2.35 : 1", "Color", "5", "12", "Movie", "False", "False", "False"
"Hokum", "6.7", "46651", "https://www.imdb.com/title/tt35672862/", "https://m.media-amazon.com/images/M/MV5BZjA1ZjFlZGItNTVjZC00NTFhLTg2YTEtODMzODRmNGFiNTdmXkEyXkFqcGc@._V1_.jpg", "A horror writer visits an Irish inn to scatter his parents&apos; ashes, unaware the property is said to be haunted by a witch.", "Horror, Thriller", "107", "R", "haunted hotel room, hotel, supernatural horror, psychological horror, witch horror", "IE", "57", "DOWN 7", "Damian McCarthy", "", "Adam Scott, Peter Coonan, David Wilmot", "Adam Scott, Peter Coonan, David Wilmot, Austin Amelio", "", "USD 6,428,305", "USD 17,000,014", "USD 24,071,317", "Skibbereen, Co. Cork, Ireland", "English", "Dolby Atmos", "2.39 : 1", "Color", "0", "7", "Movie", "False", "False", "False"
"Pressure", "7.3", "14581", "https://www.imdb.com/title/tt32547691/", "https://m.media-amazon.com/images/M/MV5BMjE2YjdkNDctMDg1MS00MjBjLWIyZjEtZWM1ZjczNTAzZGEyXkEyXkFqcGc@._V1_.jpg", "In the tense 72 hours before D-Day, General Dwight D. Eisenhower and Captain James Stagg face an impossible choice--launch the most dangerous seaborne invasion in history or risk losing the war altogether.", "Drama, History, Thriller", "100", "PG-13", "world war two, seaborne invasion, invasion, d day, bloody water", "GB", "58", "DOWN 20", "Anthony Maras", "David Haig, Anthony Maras", "Andrew Scott, Brendan Fraser, Kerry Condon", "Andrew Scott, Brendan Fraser, Kerry Condon, Chris Messina", "", "USD 5,811,480", "USD 15,569,855", "USD 19,014,222", "Camber Sands, Camber, East Sussex, England, UK", "English", "", "1.85 : 1", "Color", "1", "0", "Movie", "False", "False", "False"
"Remarkably Bright Creatures", "7.7", "41707", "https://www.imdb.com/title/tt33100314/", "https://m.media-amazon.com/images/M/MV5BNzM3OTRlZDktYTk0OS00OTlmLWFhMjctMTZiODU4N2RiYzhhXkEyXkFqcGc@._V1_.jpg", "Through unlikely bonds formed during night shifts at a local aquarium, Tova, an elderly widow, learns of a life-changing discovery that may bring her joy and wonder once again.", "Comedy, Drama", "111", "PG-13", "cornhole, octopus, road trip, aquarium, van", "US", "59", "UP 6", "Olivia Newman", "Olivia Newman, John Whittington, Shelby Van Pelt", "Sally Field, Lewis Pullman, Colm Meaney", "Sally Field, Lewis Pullman, Colm Meaney, Joan Chen", "", "", "", "", "Maple Ridge, British Columbia, Canada", "English", "Dolby Digital", "1.85 : 1", "Color", "0", "7", "Movie", "False", "False", "False"
"Over Your Dead Body", "6.3", "24954", "https://www.imdb.com/title/tt34685692/", "https://m.media-amazon.com/images/M/MV5BMWU2M2YyNTMtZGM4ZC00MDcwLWI3NmItZWM0YjIyOTEyNDZhXkEyXkFqcGc@._V1_.jpg", "A dysfunctional married couple retreats to a secluded cabin to repair their relationship, but each secretly plots to murder the other.", "Action, Comedy, Thriller", "105", "R", "dark comedy, lawnmower, red pepper corn, eating a steak, reference to idaho", "US", "60", "DOWN 8", "Jorma Taccone", "Tommy Wirkola, Nick Ball, John Niven", "Samara Weaving, Jason Segel, Timothy Olyphant", "Samara Weaving, Jason Segel, Timothy Olyphant, Nikolai Kinski", "", "USD 1,393,356", "USD 2,154,696", "USD 2,443,515", "Tampere, Finland", "English", "Dolby Digital", "2.39 : 1", "Color", "1", "1", "Movie", "False", "False", "False"
"Sinners", "7.5", "502294", "https://www.imdb.com/title/tt31193180/", "https://m.media-amazon.com/images/M/MV5BNjIwZWY4ZDEtMmIxZS00NDA4LTg4ZGMtMzUwZTYyNzgxMzk5XkEyXkFqcGc@._V1_.jpg", "Trying to leave their troubled lives behind, twin brothers return to their hometown to start again, only to discover that an even greater evil is waiting to welcome them back.", "Horror", "137", "R", "1930s, supernatural horror, period horror, vampire, urination", "US", "61", "UP 8", "Ryan Coogler", "", "Michael B. Jordan, Jack O'Connell, Hailee Steinfeld", "Michael B. Jordan, Jack O'Connell, Hailee Steinfeld, Miles Caton", "USD 90,000,000", "USD 48,007,468", "USD 279,989,632", "USD 371,368,759", "New Orleans, Louisiana, USA", "English, Chinese", "Datasat, Dolby Atmos, SDDS, DTS 70 mm, Dolby Surround 7.1, Dolby Digital, Auro 11.1, DTS:X, IMAX 6-Track", "2.76 : 1", "Color", "340", "504", "Movie", "False", "False", "False"
"Evil Dead", "6.5", "215233", "https://www.imdb.com/title/tt1288558/", "https://m.media-amazon.com/images/M/MV5BYjkwODM5ZWUtMjI2Ni00Y2RiLWJkNDYtZWQ2ZTRhMjI1N2FmXkEyXkFqcGc@._V1_.jpg", "Five friends head to a remote cabin, where the discovery of a Book of the Dead leads them to unwittingly summon up demons living in the nearby woods.", "Horror, Thriller", "91", "R", "demon, book of the dead, violence, blood, vomiting blood", "US", "62", "UP 259", "Fede Alvarez", "Fede Alvarez, Rodo Sayagues, Sam Raimi", "Jane Levy, Shiloh Fernandez, Jessica Lucas", "Jane Levy, Shiloh Fernandez, Jessica Lucas, Lou Taylor Pucci", "USD 17,000,000", "USD 25,775,847", "USD 54,239,856", "USD 97,542,952", "Auckland, New Zealand", "English, Welsh", "Dolby Digital, Datasat, SDDS", "2.39 : 1", "Color", "6", "20", "Movie", "False", "False", "False"
"How to Make a Killing", "6.5", "35058", "https://www.imdb.com/title/tt4357198/", "https://m.media-amazon.com/images/M/MV5BOTkwY2JjMWYtOGU4YS00ZTg0LWIzYzUtZDkxNDE5NWNkNWM1XkEyXkFqcGc@._V1_.jpg", "Disowned at birth by his obscenely wealthy family, blue-collar Becket Redfellow will stop at nothing to reclaim his inheritance, no matter how many relatives stand in his way.", "Comedy, Drama, Thriller", "105", "R", "family relationships, young, caper crime, satire comedy, dark comedy", "GB", "63", "DOWN 3", "John Patton Ford", "John Patton Ford, Robert Hamer, John Dighton", "Glen Powell, Margaret Qualley, Jessica Henwick", "Glen Powell, Margaret Qualley, Jessica Henwick, Adrian Lukis", "", "USD 3,488,298", "USD 7,851,600", "USD 21,637,139", "Cape Town, South Africa", "English", "", "2.39 : 1", "Color", "0", "2", "Movie", "False", "False", "False"
"Ready or Not", "6.9", "257481", "https://www.imdb.com/title/tt7798634/", "https://m.media-amazon.com/images/M/MV5BMTViMDA4YjgtZDQ4NC00ZDk2LTg0MWItOTc4MTkwMmVkZWRmXkEyXkFqcGc@._V1_.jpg", "A bride&apos;s wedding night takes a sinister turn when her eccentric new in-laws force her to take part in a terrifying game.", "Comedy, Horror, Mystery", "95", "R", "evil rich family, dark family secret, dysfunctional family, hide and seek, hunting people", "US", "64", "DOWN 20", "", "Guy Busick, R. Christopher Murphy", "Samara Weaving, Adam Brody, Mark O'Brien", "Samara Weaving, Adam Brody, Mark O'Brien, Henry Czerny", "USD 6,000,000", "USD 8,015,590", "USD 28,714,231", "USD 57,615,777", "Parkwood Estate, Oshawa, Ontario, Canada", "English, Latin", "Dolby Atmos", "2.39 : 1", "Color", "4", "24", "Movie", "False", "False", "False"
"Superman", "7", "429381", "https://www.imdb.com/title/tt5950044/", "https://m.media-amazon.com/images/M/MV5BOGMwZGJiM2EtMzEwZC00YTYzLWIxNzYtMmJmZWNlZjgxZTMwXkEyXkFqcGc@._V1_.jpg", "Superman must reconcile his alien Kryptonian heritage with his human upbringing as reporter Clark Kent. As the embodiment of truth, justice and the American way he soon finds himself in a world that views these as old-fashioned.", "Action, Adventure, Sci-Fi", "129", "PG-13", "superhero, hero, dc universe, alien, comicbook movie", "US", "65", "DOWN 26", "James Gunn", "James Gunn, Jerry Siegel, Joe Shuster", "David Corenswet, Rachel Brosnahan, Nicholas Hoult", "David Corenswet, Rachel Brosnahan, Nicholas Hoult, Alan Tudyk", "USD 225,000,000", "USD 125,021,735", "USD 354,223,803", "USD 618,723,803", "Cincinnati, Ohio, USA", "English", "Dolby Atmos, IMAX 6-Track, DTS:X, 12-Track Digital Sound, SDDS, Dolby Surround 7.1, Auro 11.1", "1.85 : 1", "Color", "5", "78", "Movie", "False", "False", "False"
"Avengers: Doomsday", "0", "0", "https://www.imdb.com/title/tt21357150/", "https://m.media-amazon.com/images/M/MV5BM2E1ZTJiZTgtZGI2Zi00MzAxLThhZjktMmU3M2E3Yzk3NjUxXkEyXkFqcGc@._V1_.jpg", "Heroes from three different worlds must unite when they&apos;re thrust together to confront a catastrophic danger that could destroy everything they know.", "Action, Adventure, Sci-Fi", "165", "", "army, doctor doom character, sequel, fifth part, based on comic book", "US", "66", "UP 37", "", "Jack Kirby, Stan Lee, Stephen McFeely", "Robert Downey Jr., Pedro Pascal, Chris Hemsworth", "Robert Downey Jr., Pedro Pascal, Chris Hemsworth, Vanessa Kirby", "", "", "", "", "London, England, UK", "English", "Dolby Atmos, IMAX 6-Track, 12-Track Digital Sound, Dolby Surround 7.1", "2.39 : 1", "Color", "0", "2", "Movie", "False", "False", "False"
"Mortal Kombat II", "6.4", "61433", "https://www.imdb.com/title/tt17490712/", "https://m.media-amazon.com/images/M/MV5BNTg2YWNkN2EtMzc1Ny00ZTBhLWFmYTItMmMyNzhjNjhhNmVhXkEyXkFqcGc@._V1_.jpg", "The fan favorite champions -- now joined by Johnny Cage himself -- are pitted against one another in the ultimate battle to defeat the dark rule of Shao Kahn that threatens the very existence of the Earthrealm and its defenders.", "Action, Adventure, Fantasy", "116", "R", "mortal kombat, based on video game, martial arts, dark fantasy, sequel", "US", "67", "DOWN 18", "Simon McQuoid", "Jeremy Slater, Ed Boon, John Tobias", "Adeline Rudolph, Karl Urban, Martyn Ford", "Adeline Rudolph, Karl Urban, Martyn Ford, Tati Gabrielle", "USD 80,000,000", "USD 38,501,177", "USD 79,770,110", "USD 129,470,110", "Village Roadshow Studios, Oxenford, Queensland, Australia", "English, Spanish", "Dolby Digital, Dolby Surround 7.1, IMAX 6-Track, Auro 11.1, Dolby Atmos", "2.39 : 1", "Color", "0", "3", "Movie", "False", "False", "False"
"Leviticus", "6.8", "5529", "https://www.imdb.com/title/tt39143902/", "https://m.media-amazon.com/images/M/MV5BZjVkZjIxMzItMzYyMi00ODMwLWEwMWQtMjhhMTkwMGI5MWEyXkEyXkFqcGc@._V1_.jpg", "Two teenage boys must escape a violent entity that takes the form of the person they desire most - each other.", "Horror, Romance, Sci-Fi", "88", "R", "gay, gay interest, gay teenager, gay protagonist, homophobia", "AU", "68", "DOWN 13", "Adrian Chiarella", "", "Tyallah Bullock, Stacy Clausen, Joe Bird", "Tyallah Bullock, Stacy Clausen, Joe Bird, Ewen Leslie", "", "USD 2,610,696", "USD 7,040,762", "USD 8,200,063", "Ballarat, Victoria, Australia", "English", "", "", "Color", "2", "4", "Movie", "False", "False", "False"
"Werwulf", "0", "0", "https://www.imdb.com/title/tt35514120/", "https://m.media-amazon.com/images/M/MV5BYTA5YjA5NTAtMjJlOS00ZTVkLWE0MDgtNDY0ZjVhOTE5NTg3XkEyXkFqcGc@._V1_.jpg", "In 13th-century England, a town is haunted by a ravenous beast that threatens the safety of a man and his family.", "Horror", "0", "", "supernatural horror, werewolf horror, psychological horror, body horror, monster horror", "GB", "69", "DOWN 53", "Robert Eggers", "Robert Eggers, Sjón", "Bodhi Rae Breathnach, Aaron Taylor-Johnson, Lily-Rose Depp", "Bodhi Rae Breathnach, Aaron Taylor-Johnson, Lily-Rose Depp, Willem Dafoe", "", "", "", "", "Bourne Wood, Farnham, Surrey, England, UK", "Old English, English", "", "1.37 : 1", "Color", "0", "0", "Movie", "False", "False", "False"
"Pati Patni Aur Woh Do", "6.1", "7530", "https://www.imdb.com/title/tt33054858/", "https://m.media-amazon.com/images/M/MV5BZmE0ZTA5MTgtNTE4NC00NThmLWFiM2EtZTI2MTc2Y2FmZjkwXkEyXkFqcGc@._V1_.jpg", "Prajapati sees his orderly life unravel after helping a young couple evade a powerful politician, triggering a cascade of mistaken identities, public scandals, and increasingly absurd suspicions that threaten his marriage to Aparna.", "Comedy, Drama, Romance", "117", "TV-14", "romantic comedy, motivational", "IN", "70", "UP 4821", "Mudassar Aziz", "Mudassar Aziz, Ravi Kumar", "Wamiqa Gabbi, Ayushmann Khurrana, Rakul Preet Singh", "Wamiqa Gabbi, Ayushmann Khurrana, Rakul Preet Singh, Sara Ali Khan", "", "", "USD 156,033", "USD 586,523", "", "Hindi", "Dolby Digital, Dolby Atmos", "2.39:1", "Color", "0", "0", "Movie", "False", "False", "False"
"Dhurandhar: The Revenge", "8.2", "66897", "https://www.imdb.com/title/tt39139925/", "https://m.media-amazon.com/images/M/MV5BNzdkNjAxNWMtNWY3My00NTI1LTg2YWQtOGI3MDA0NzdhMjEyXkEyXkFqcGc@._V1_.jpg", "Jaskirat Singh Rangi descends deeper into his alias as Hamza Ali Mazari, rising through Karachi&apos;s criminal hierarchy to claim the feared title &quot;Sher-e-Baloch&quot; while balancing loyalty, betrayal, and survival in a ruthless underworld.", "Action, Crime, Thriller", "235", "TV-MA", "spy action, spy thriller, secret identity, gangster crime, gangwar", "IN", "71", "DOWN 7", "Aditya Dhar", "", "Ranveer Singh, Akshaye Khanna, Sanjay Dutt", "Ranveer Singh, Akshaye Khanna, Sanjay Dutt, Arjun Rampal", "", "USD 10,037,581", "USD 28,100,759", "USD 152,900,759", "", "Hindi", "IMAX 6-Track, Dolby Atmos, 12-Track Digital Sound", "2.39 : 1", "Color", "0", "0", "Movie", "False", "False", "False"
"Godzilla Minus Zero", "0", "0", "https://www.imdb.com/title/tt34384661/", "https://m.media-amazon.com/images/M/MV5BYzY2OWFhMTgtODJhMi00NDIyLWIzNTQtYjc4MjE4YTBjYzllXkEyXkFqcGc@._V1_.jpg", "Set in 1949, the Shikishima family confronts a fresh catastrophe two years after surviving their previous ordeal with the legendary monster.", "Action, Adventure, Drama", "125", "", "godzilla character, monster horror, giant monster, giant monster sci fi, epic drama", "JP", "72", "UP 1603", "Takashi Yamazaki", "", "Ryûnosuke Kamiki, Minami Hamabe, Miou Tanaka", "Ryûnosuke Kamiki, Minami Hamabe, Miou Tanaka, Yuki Yamada", "", "", "", "", "Norway", "Japanese", "Dolby Atmos, IMAX 6-Track, 12-Track Digital Sound", "2.39 : 1", "Color", "0", "0", "Movie", "False", "False", "False"
"Bugonia", "7.4", "208755", "https://www.imdb.com/title/tt12300742/", "https://m.media-amazon.com/images/M/MV5BNzIzNWQxMjEtZmQ3MS00OTk2LWFlZjktZDUyYWRkM2M3NWVlXkEyXkFqcGc@._V1_.jpg", "Two conspiracy-obsessed young men kidnap the high-powered CEO of a major company, convinced that she is an alien intent on destroying planet Earth.", "Comedy, Crime, Sci-Fi", "118", "R", "kidnapping, conspiracy, remake, chained in basement, dark comedy", "IE", "73", "DOWN 19", "Yorgos Lanthimos", "Will Tracy, Jang Joon-hwan", "Emma Stone, Jesse Plemons, Aidan Delbis", "Emma Stone, Jesse Plemons, Aidan Delbis, J. Carmen Galindez Barrera", "", "USD 709,848", "USD 17,692,390", "USD 43,523,384", "Sarakiniko Beach, Milos Island, Greece", "English", "Dolby Digital, 12-Track Digital Sound, Dolby Atmos", "1.50 : 1", "Color", "12", "147", "Movie", "False", "False", "False"
"Inception", "8.8", "2834464", "https://www.imdb.com/title/tt1375666/", "https://m.media-amazon.com/images/M/MV5BMjAxMzY3NjcxNF5BMl5BanBnXkFtZTcwNTI5OTM0Mw@@._V1_.jpg", "A thief who steals corporate secrets through the use of dream-sharing technology is given the inverse task of planting an idea into the mind of a CEO, but his tragic past may doom the project and his team to disaster.", "Adventure, Sci-Fi, Thriller", "148", "PG-13", "dream, ambiguous ending, subconscious, mindbender, surprise ending", "GB", "74", "UP 10", "Christopher Nolan", "", "Leonardo DiCaprio, Joseph Gordon-Levitt, Elliot Page", "Leonardo DiCaprio, Joseph Gordon-Levitt, Elliot Page, Tom Hardy", "USD 160,000,000", "USD 62,785,337", "USD 292,587,330", "USD 839,796,627", "Fortress Mountain, Kananaskis Country, Alberta, Canada", "English, Japanese, French", "Dolby Digital, DTS, SDDS", "2.39 : 1", "Color", "160", "220", "Movie", "False", "False", "False"
"Weapons", "7.4", "379617", "https://www.imdb.com/title/tt26581740/", "https://m.media-amazon.com/images/M/MV5BNTBhNWJjZWItYzY3NS00M2NkLThmOWYtYTlmNzBmN2UxZWFjXkEyXkFqcGc@._V1_.jpg", "When all but one child from the same class mysteriously vanish on the same night at exactly the same time, a community is left questioning who or what is behind their disappearance.", "Horror, Mystery", "128", "R", "witchcraft, evil witch, missing children, female teacher, psychological horror", "US", "75", "DOWN 13", "Zach Cregger", "", "Julia Garner, Josh Brolin, Alden Ehrenreich", "Julia Garner, Josh Brolin, Alden Ehrenreich, Scarlett Sher", "USD 38,000,000", "USD 43,501,217", "USD 151,572,492", "USD 270,072,492", "Atlanta, Georgia, USA", "English", "Dolby Atmos, Dolby Digital, DTS:X, IMAX 6-Track, Auro 11.1, SDDS, 12-Track Digital Sound, Dolby", "", "Color", "63", "130", "Movie", "False", "False", "False"
"Reminders of Him", "6.3", "10252", "https://www.imdb.com/title/tt33714084/", "https://m.media-amazon.com/images/M/MV5BNjI4OGM1NDEtYzA1NS00ZDg3LWFmZjUtMjg1MGQ4MTk3NjQzXkEyXkFqcGc@._V1_.jpg", "After prison, a woman attempts to reconnect with her young daughter but faces resistance from everyone except a bar owner with ties to her child. As they grow closer, she must confront her past mistakes to build a hopeful future.", "Drama, Romance", "114", "PG-13", "male rear nudity, male nudity, contemporary romance, 2020s movie, contemporary", "US", "458", "DOWN 152", "Vanessa Caswill", "Lauren Levine, Colleen Hoover", "Maika Monroe, Tyriq Withers, Zoe Kosovic", "Maika Monroe, Tyriq Withers, Zoe Kosovic, Lauren Graham", "", "USD 17,979,940", "USD 48,559,430", "USD 89,080,408", "Calgary, Alberta, Canada", "English, Spanish", "Dolby Atmos, SDDS, DTS:X", "2.39 : 1", "Color", "1", "0", "Movie", "False", "False", "False"
"Apex", "6.1", "97653", "https://www.imdb.com/title/tt16431404/", "https://m.media-amazon.com/images/M/MV5BNjUzODE2ZWYtMDdiMS00ZTA0LWI4MzEtNDkyODNiNmIwMWY1XkEyXkFqcGc@._V1_.jpg", "A mountain climber haunted by a fatal decision in Norway retreats to the Australian wilderness for isolation. Her journey turns into a desperate hunt when a deceptive local targets her as his next ritualistic prey in the bush.", "Action, Thriller", "95", "R", "serial killer, river, survival adventure, climbing, australia", "US", "77", "DOWN 11", "Baltasar Kormákur", "", "Charlize Theron, Taron Egerton, Eric Bana", "Charlize Theron, Taron Egerton, Eric Bana, Matt Whelan", "", "", "", "", "Blue Mountains, New South Wales, Australia", "English", "Dolby Atmos", "2.20 : 1", "Color", "0", "3", "Movie", "False", "False", "False"
"Lost Highway", "7.6", "171689", "https://www.imdb.com/title/tt0116922/", "https://m.media-amazon.com/images/M/MV5BNjcyNmM2ODktYzk0Mi00Njk0LTljZGMtNGZhMzI4NmY1NzA1XkEyXkFqcGc@._V1_.jpg", "Anonymous videotapes presage a musician&apos;s murder conviction, and a gangster&apos;s girlfriend leads a mechanic astray.", "Drama, Mystery, Thriller", "134", "R", "surrealism, doppelganger, graphic violence, cult film, forced to strip", "FR", "78", "UP 1366", "David Lynch", "David Lynch, Barry Gifford", "Bill Pullman, Patricia Arquette, John Roselius", "Bill Pullman, Patricia Arquette, John Roselius, Louis Eppolito", "USD 15,000,000", "USD 212,710", "USD 3,726,792", "USD 3,897,982", "7035 Senalda Road, Los Angeles, California, USA", "English", "Dolby Digital", "2.35 : 1", "Color", "4", "6", "Movie", "False", "False", "False"
"Shipwrecked: Nightmare at Sea", "6.5", "2334", "https://www.imdb.com/title/tt43595399/", "https://m.media-amazon.com/images/M/MV5BM2I5NGNkZjUtMzU0MC00YzRhLTlhYTYtMWEyOThlNjBlNjcwXkEyXkFqcGc@._V1_.jpg", "Exclusive footage and survivor testimonies chronicle the 2012 sinking of a luxury cruise ship and its aftermath.", "Documentary", "87", "TV-14", "", "US", "79", "UP 6309", "Chiara Messineo", "", "John Scimone, Meghan Scimone, Patricia Sandoval", "John Scimone, Meghan Scimone, Patricia Sandoval, Nicholas Taliaferro", "", "", "", "", "", "English", "", "", "Color", "0", "0", "Movie", "False", "False", "False"
"Hoppers", "7.2", "73928", "https://www.imdb.com/title/tt26443616/", "https://m.media-amazon.com/images/M/MV5BNzRiMzZlMTMtNmU3OC00MDUwLThmNDUtMTBjZmQ3MWQ4NTljXkEyXkFqcGc@._V1_.jpg", "A 19-year-old animal lover uses technology that places her consciousness into a robotic beaver to uncover mysteries within the animal world beyond her imagination.", "Animation, Adventure, Comedy", "104", "PG", "robot, nature lover, soul transference, beaver, scientist", "US", "80", "DOWN 23", "Daniel Chong", "Jesse Andrews, Daniel Chong, Jordan Harrison", "Piper Curda, Bobby Moynihan, Jon Hamm", "Piper Curda, Bobby Moynihan, Jon Hamm, Kathy Najimy", "USD 150,000,000", "USD 45,349,801", "USD 166,010,783", "USD 372,125,925", "Pixar Animation Studios - 1200 Park Avenue, Emeryville, California, USA", "English", "Dolby Digital, DTS:X, IMAX 6-Track, Dolby Atmos, Dolby Surround 7.1", "1.85 : 1", "Color", "0", "1", "Movie", "False", "False", "False"
"Gone Girl", "8.1", "1177063", "https://www.imdb.com/title/tt2267998/", "https://m.media-amazon.com/images/M/MV5BMTk0MDQ3MzAzOV5BMl5BanBnXkFtZTgwNzU1NzE3MjE@._V1_.jpg", "The husband of a missing woman becomes the main suspect in her disappearance.", "Drama, Mystery, Thriller", "149", "R", "missing person, disappearance, murder suspect, husband wife relationship, based on novel", "US", "81", "UP 6", "David Fincher", "", "Ben Affleck, Rosamund Pike, Neil Patrick Harris", "Ben Affleck, Rosamund Pike, Neil Patrick Harris, Tyler Perry", "USD 61,000,000", "USD 37,513,109", "USD 167,767,189", "USD 370,890,259", "Cape Girardeau, Missouri, USA", "English", "Dolby Digital, Dolby Atmos, Datasat, Dolby Surround 7.1, SDDS", "2.39 : 1", "Color, Black and White", "65", "192", "Movie", "False", "False", "False"
"Hamnet", "7.8", "124300", "https://www.imdb.com/title/tt14905854/", "https://m.media-amazon.com/images/M/MV5BMDQ5ZmY0OWYtOTYzZi00Mzg5LWE3N2EtMjYwZTAzZmJhYjkyXkEyXkFqcGc@._V1_.jpg", "In late 16th-century England, Agnes, a healer sensitive to the world around her, builds a home with William, a local tutor and aspiring playwright. As their lives fracture, they are tested by distance, silence, and grief.", "Biography, Drama, History", "125", "PG-13", "william shakespeare character, death of son, male rear nudity, one word title, hawk", "GB", "82", "UP 48", "Chloé Zhao", "Chloé Zhao, Maggie O'Farrell", "Jessie Buckley, Paul Mescal, Zac Wishart", "Jessie Buckley, Paul Mescal, Zac Wishart, James Lintern", "USD 30,000,000", "USD 932,278", "USD 24,208,900", "USD 108,954,968", "Weobley, Herefordshire, England, UK", "English, Latin, French, Greek, Ancient (to 1453)", "Dolby Atmos", "1.78 : 1", "Color", "97", "319", "Movie", "False", "False", "False"
"The Dark Knight", "9.1", "3188677", "https://www.imdb.com/title/tt0468569/", "https://m.media-amazon.com/images/M/MV5BMTMxNTMwODM0NF5BMl5BanBnXkFtZTcwODAyMTk2Mw@@._V1_.jpg", "When a menace known as the Joker wreaks havoc and chaos on the people of Gotham, Batman, James Gordon and Harvey Dent must work together to put an end to the madness.", "Crime, Thriller", "152", "PG-13", "psychopath, moral dilemma, superhero, clown, criminal mastermind", "US", "83", "UP 2", "Christopher Nolan", "Jonathan Nolan, Christopher Nolan, David S. Goyer", "Christian Bale, Heath Ledger, Aaron Eckhart", "Christian Bale, Heath Ledger, Aaron Eckhart, Michael Caine", "USD 185,000,000", "USD 158,411,483", "USD 534,987,076", "USD 1,008,480,203", "Chicago, Illinois, USA", "English, Mandarin", "Dolby Digital, SDDS, DTS", "", "Color", "163", "165", "Movie", "False", "False", "False"
"One Battle After Another", "7.6", "426086", "https://www.imdb.com/title/tt30144839/", "https://m.media-amazon.com/images/M/MV5BMzBkZmQ0NjMtNTZlMy00ZjdlLTg5ODUtYWFlNGM0YzE3MTg0XkEyXkFqcGc@._V1_.jpg", "When their enemy resurfaces after 16 years, a group of ex-revolutionaries reunite to rescue the daughter of one of their own.", "Crime, Thriller", "161", "R", "revolution, terrorism, political violence, based on novel, father daughter relationship", "US", "84", "DOWN 10", "Paul Thomas Anderson", "Paul Thomas Anderson, Thomas Pynchon", "Leonardo DiCaprio, Sean Penn, Benicio Del Toro", "Leonardo DiCaprio, Sean Penn, Benicio Del Toro, Teyana Taylor", "USD 130,000,000", "USD 22,000,387", "USD 72,918,884", "USD 213,121,406", "Murphy's Market - 4020 Walnut Drive, Eureka, California, USA", "English, Spanish", "IMAX 6-Track, Dolby Atmos, Dolby Surround 7.1, DTS:X, DTS 70 mm, Auro 11.1", "", "Color", "287", "506", "Movie", "False", "False", "False"
"Man of War", "5.1", "832", "https://www.imdb.com/title/tt34584846/", "https://m.media-amazon.com/images/M/MV5BYjhhOWE0NWQtM2VjNC00NDhiLTg4YjQtYzI1NWE0MGM3NjFkXkEyXkFqcGc@._V1_.jpg", "When an aid worker vanishes in the first hours of war in Ukraine, a former Navy SEAL and CIA operative crosses into the shattered country to bring her home-facing mercenaries, shifting battle lines, and ghosts he thought he left b...", "Action", "111", "R", "ukraine and russia war", "US", "85", "DOWN 58", "William Kaufman", "William Kaufman, Paul Reichelt", "LaMonica Garrett, Andrew Howard, Linds Edwards", "LaMonica Garrett, Andrew Howard, Linds Edwards, Rosmary Yaneva", "", "", "", "", "Bulgaria", "English, Ukrainian, Russian", "", "", "Color", "0", "0", "Movie", "False", "False", "False"
"The Mandalorian and Grogu", "6.9", "71660", "https://www.imdb.com/title/tt30825738/", "https://m.media-amazon.com/images/M/MV5BYjRkYzAzNjktZmRhMy00NjRiLWE0OTMtYmRmMTE5NDkzY2NlXkEyXkFqcGc@._V1_.jpg", "Once a lone bounty hunter, Mandalorian Din Djarin and his apprentice Grogu embark on an exciting new Star Wars adventure.", "Action, Adventure, Family", "132", "PG-13", "star wars, space sci fi, space adventure, epic sci fi, epic fantasy", "US", "86", "DOWN 27", "Jon Favreau", "Jon Favreau, Dave Filoni, Noah Kloor", "Pedro Pascal, Brendan Wayne, Lateef Crowder", "Pedro Pascal, Brendan Wayne, Lateef Crowder, Sigourney Weaver", "USD 165,000,000", "USD 81,670,433", "USD 177,414,904", "USD 340,520,904", "Los Angeles, California, USA", "English", "Dolby Atmos, IMAX 6-Track, Auro 11.1, Dolby Surround 7.1, Dolby Digital, DTS:X, Dolby Surround 5.1", "2.39 : 1", "Color", "0", "3", "Movie", "False", "False", "False"
"Cocktail 2", "7.6", "26252", "https://www.imdb.com/title/tt35064672/", "https://m.media-amazon.com/images/M/MV5BMjE4ZDFiMjctZTk0Yy00Mzk0LWIzMzItZmRjZTM0YzBjYmRiXkEyXkFqcGc@._V1_.jpg", "After a decade together, Diya and Kunal&apos;s relationship is shaken when Ally, old friend re-enters their lives. What begins as a plan between two women spirals into chaos, triggering hilarious, emotional rollercoaster none of them s...", "Comedy, Drama, Romance", "150", "", "", "IN", "87", "DOWN 50", "Homi Adajania", "Tarun Jain, Luv Ranjan", "Shahid Kapoor, Kriti Sanon, Rashmika Mandanna", "Shahid Kapoor, Kriti Sanon, Rashmika Mandanna, Mark Bennington", "", "", "USD 897,592", "USD 2,348,670", "", "Hindi", "Dolby Atmos, Dolby Digital", "2.39:1", "Color", "0", "0", "Movie", "False", "False", "False"
"The Godfather", "9.2", "2237320", "https://www.imdb.com/title/tt0068646/", "https://m.media-amazon.com/images/M/MV5BNGEwYjgwOGQtYjg5ZS00Njc1LTk2ZGEtM2QwZWQ2NjdhZTE5XkEyXkFqcGc@._V1_.jpg", "The aging patriarch of an organized crime dynasty transfers control of his clandestine empire to his reluctant son.", "Crime, Drama", "175", "R", "mafia, patriarch, crime family, organized crime, gangster", "US", "88", "DOWN 9", "Francis Ford Coppola", "Mario Puzo, Francis Ford Coppola", "Marlon Brando, Al Pacino, James Caan", "Marlon Brando, Al Pacino, James Caan, Richard S. Castellano", "USD 6,000,000", "USD 302,393", "USD 136,381,073", "USD 250,933,436", "Forza d'Agrò, Messina, Sicily, Italy", "English, Italian, Latin", "Mono, Dolby Digital", "1.85 : 1", "Color", "31", "31", "Movie", "False", "False", "False"
"Deep Water", "5.4", "7884", "https://www.imdb.com/title/tt29516222/", "https://m.media-amazon.com/images/M/MV5BN2RjZWRiMDgtOTZiMy00M2MxLWI2M2MtMDU4ODc3MGNhM2E0XkEyXkFqcGc@._V1_.jpg", "A group of international passengers en route from Los Angeles to Shanghai are forced to make an emergency landing in shark-infested waters. Now they must work together in hopes to overcome the frenzy of sharks drawn to the wreckage.", "Action, Drama, Horror", "106", "R", "survival adventure, shark attack, nature horror, animal attack, airplane accident", "ES", "89", "UP 13", "Renny Harlin", "Pete Bridges, Shayne Armstrong, S.P. Krause", "Aaron Eckhart, Ben Kingsley, Angus Sampson", "Aaron Eckhart, Ben Kingsley, Angus Sampson, Lucy Barrett", "USD 40,000,000", "USD 2,103,911", "USD 4,346,226", "USD 5,234,627", "Gran Canaria, Canary Islands, Spain", "English", "", "2.35 : 1", "Color", "0", "0", "Movie", "False", "False", "False"
"Independence Day", "7", "651599", "https://www.imdb.com/title/tt0116629/", "https://m.media-amazon.com/images/M/MV5BOGMwN2UwZjEtYjFjMi00ZDA1LWJlYTQtMjA1MTYxMzIyNTdiXkEyXkFqcGc@._V1_.jpg", "The aliens are coming and their goal is to invade and destroy Earth. Fighting superior technology, mankind&apos;s best weapon is the will to survive.", "Action, Adventure, Sci-Fi", "145", "PG-13", "exotic dancer, product placement, trailer home, trailer park, vomiting", "US", "90", "DOWN 84", "Roland Emmerich", "Dean Devlin, Roland Emmerich", "Will Smith, Bill Pullman, Jeff Goldblum", "Will Smith, Bill Pullman, Jeff Goldblum, Mary McDonnell", "USD 75,000,000", "USD 50,228,264", "USD 306,169,268", "USD 817,400,891", "Bonneville Salt Flats, Utah, USA", "English", "", "2.39 : 1", "Color", "35", "35", "Movie", "False", "False", "False"
"Jackass: Best and Last", "6.7", "5488", "https://www.imdb.com/title/tt39316472/", "https://m.media-amazon.com/images/M/MV5BYTRlYzQwYjItNDljNC00YmI2LWEwYmEtMjhhM2NiMGFhNTYyXkEyXkFqcGc@._V1_.jpg", "Follows the Jackass crew as they perform their final series of dangerous stunts and pranks, marking the end of the franchise.", "Documentary, Comedy", "92", "R", "male nudity, male frontal nudity, male full frontal nudity, dark comedy, hidden camera reality tv", "US", "91", "DOWN 58", "Jeff Tremaine", "Jason 'Wee Man' Acuña, Tory Belleci, J.P. Blackmon", "Johnny Knoxville, Steve-O, Chris Pontius", "Johnny Knoxville, Steve-O, Chris Pontius, Jason 'Wee Man' Acuña", "USD 10,000,000", "USD 8,464,977", "USD 17,299,729", "USD 24,899,729", "Los Angeles, California, USA", "English", "Dolby Atmos", "1.85 : 1", "Color", "0", "0", "Movie", "False", "False", "False"
"The Prestige", "8.5", "1600170", "https://www.imdb.com/title/tt0482571/", "https://m.media-amazon.com/images/M/MV5BM2Y0YmM5MWYtZTYzNi00ZjU5LTlmOGYtZDQ4ODQyMjAzNjQ2XkEyXkFqcGc@._V1_.jpg", "Two magicians dismantle their lives to outmaneuver each other following a shared tragedy. They chase the ultimate illusion across Victorian London, sacrificing sanity and safety to master a teleportation feat that defies all logic.", "Drama, Mystery, Sci-Fi", "130", "PG-13", "illusion, magician, rivalry, obsession, magic", "GB", "92", "UP 17", "Christopher Nolan", "Jonathan Nolan, Christopher Nolan, Christopher Priest", "Christian Bale, Hugh Jackman, Scarlett Johansson", "Christian Bale, Hugh Jackman, Scarlett Johansson, Michael Caine", "USD 40,000,000", "USD 14,801,808", "USD 53,089,891", "USD 109,676,311", "Durango and Silverton Narrow Gauge Railroad, Colorado, USA", "English", "SDDS, Dolby Digital, DTS", "2.39 : 1", "", "6", "44", "Movie", "False", "False", "False"
"Normal", "6.3", "18303", "https://www.imdb.com/title/tt31195136/", "https://m.media-amazon.com/images/M/MV5BOGIyZjgwMzMtODEzZS00YmFlLTg3NmItOWMwYzhlZDBjY2U3XkEyXkFqcGc@._V1_.jpg", "Centers on a temporary small-town sheriff who uncovers dark mysteries after a local bank robbery.", "Action, Crime, Thriller", "91", "R", "small town, sheriff, snowstorm, nonbinary character, suicidal", "CA", "93", "UP 52", "Ben Wheatley", "Derek Kolstad, Bob Odenkirk", "Bob Odenkirk, Ryan Allen, Billy MacLellan", "Bob Odenkirk, Ryan Allen, Billy MacLellan, Lena Headey", "USD 17,000,000", "USD 2,550,311", "USD 5,071,290", "USD 6,068,324", "Winnipeg, Manitoba, Canada", "English, Japanese", "", "2.39 : 1", "Color", "0", "1", "Movie", "False", "False", "False"
"Nuremberg", "7.3", "107152", "https://www.imdb.com/title/tt29567915/", "https://m.media-amazon.com/images/M/MV5BMWUzODNkYWUtMmMzOC00NzZjLTlkMTctOTkwM2I2ZWI1MTlmXkEyXkFqcGc@._V1_.jpg", "A WWII psychiatrist evaluates Nazi leaders before the Nuremberg trials, growing increasingly obsessed with understanding evil as he forms a disturbing bond with Hermann Göring.", "Biography, Drama, History", "148", "PG-13", "nuremberg trials, luxembourg, man urinates outside, year 1947, man touches a man", "HU", "94", "DOWN 18", "James Vanderbilt", "James Vanderbilt, Jack El-Hai", "Rami Malek, Russell Crowe, Michael Shannon", "Rami Malek, Russell Crowe, Michael Shannon, Leo Woodall", "", "USD 3,883,295", "USD 14,524,693", "USD 70,531,391", "Duna Palota, Budapest, Hungary", "English, German", "Dolby Atmos", "2.39 : 1", "Color", "4", "20", "Movie", "False", "False", "False"
"Toy Story", "8.3", "1186341", "https://www.imdb.com/title/tt0114709/", "https://m.media-amazon.com/images/M/MV5BZTA3OWVjOWItNjE1NS00NzZiLWE1MjgtZDZhMWI1ZTlkNzYwXkEyXkFqcGc@._V1_.jpg", "A cowboy doll is profoundly jealous when a new spaceman action figure supplants him as the top toy in a boy&apos;s bedroom. When circumstances separate them from their owner, the duo have to put aside their differences to return to him.", "Animation, Adventure, Comedy", "81", "G", "toy, cowboy, toy comes to life, action figure, enemies become friends", "US", "95", "DOWN 20", "John Lasseter", "John Lasseter, Pete Docter, Andrew Stanton", "Tom Hanks, Tim Allen, Don Rickles", "Tom Hanks, Tim Allen, Don Rickles, Jim Varney", "USD 30,000,000", "USD 29,140,617", "USD 229,947,062", "USD 401,157,969", "Pixar Animation Studios - 1001 W. Cutting Blvd., Richmond, California, USA", "English", "", "", "", "29", "24", "Movie", "False", "False", "False"
"Spider-Man: No Way Home", "8.1", "1033141", "https://www.imdb.com/title/tt10872600/", "https://m.media-amazon.com/images/M/MV5BMmFiZGZjMmEtMTA0Ni00MzA2LTljMTYtZGI2MGJmZWYzZTQ2XkEyXkFqcGc@._V1_.jpg", "With Spider-Man&apos;s identity now revealed, Peter asks Doctor Strange for help. When a spell goes wrong, dangerous foes from other worlds start to appear.", "Action, Adventure, Fantasy", "148", "PG-13", "spider man character, superhero, marvel cinematic universe, villain, green goblin character", "US", "96", "FLAT 0", "Jon Watts", "Chris McKenna, Erik Sommers, Stan Lee", "Tom Holland, Zendaya, Benedict Cumberbatch", "Tom Holland, Zendaya, Benedict Cumberbatch, Jacob Batalon", "USD 200,000,000", "USD 260,138,569", "USD 814,866,759", "USD 1,921,426,073", "Iceland", "English, Tagalog", "Dolby Atmos, Dolby Digital, Dolby Surround 7.1, IMAX 6-Track, Auro 11.1, SDDS, DTS:X", "2.39 : 1", "Color", "35", "72", "Movie", "False", "False", "False"
"The Lord of the Rings: The Fellowship of the Ring", "8.9", "2217760", "https://www.imdb.com/title/tt0120737/", "https://m.media-amazon.com/images/M/MV5BNzIxMDQ2YTctNDY4MC00ZTRhLTk4ODQtMTVlOWY4NTdiYmMwXkEyXkFqcGc@._V1_.jpg", "A meek Hobbit from the Shire and eight companions set out on a journey to destroy the powerful One Ring and save Middle-earth from the Dark Lord Sauron.", "Adventure, Drama, Fantasy", "178", "PG-13", "ring, quest, middle earth, elf, hobbit", "NZ", "97", "UP 18", "Peter Jackson", "J.R.R. Tolkien, Fran Walsh, Philippa Boyens", "Elijah Wood, Ian McKellen, Orlando Bloom", "Elijah Wood, Ian McKellen, Orlando Bloom, Alan Howard", "USD 93,000,000", "USD 47,211,490", "USD 325,873,309", "USD 897,539,618", "Wellington, New Zealand", "English, Sindarin", "DTS, SDDS", "2.39 : 1", "Color", "126", "127", "Movie", "False", "False", "False"
"The Evil Dead", "7.3", "253980", "https://www.imdb.com/title/tt0083907/", "https://m.media-amazon.com/images/M/MV5BNWRmZGQyYzgtNjA5OC00NGYzLTlhYWMtNzBhZTFlZGNjYWI2XkEyXkFqcGc@._V1_.jpg", "Five friends travel to a cabin in the woods, where they unknowingly release flesh-possessing demons.", "Horror", "85", "NC-17", "evil dead, supernatural rape, cult film, tape recording, cabin", "US", "98", "UP 270", "Sam Raimi", "", "Bruce Campbell, Ellen Sandweiss, Richard DeManincor", "Bruce Campbell, Ellen Sandweiss, Richard DeManincor, Betsy Baker", "USD 350,000", "", "USD 2,400,000", "USD 2,898,574", "Morristown, Tennessee, USA", "English", "Mono", "1.37 : 1", "Color", "5", "1", "Movie", "False", "False", "False"
"Crime 101", "6.8", "86614", "https://www.imdb.com/title/tt32430579/", "https://m.media-amazon.com/images/M/MV5BZThlN2M4ZTUtYTU3Mi00MDE5LWFhYWUtNjkxMWEwNjUwNDVhXkEyXkFqcGc@._V1_.jpg", "A meticulous jewel thief risks his flawless record against an equally obsessive detective and a volatile rival, while an underestimated insurance broker turns accomplice after decades of professional disrespect.", "Crime, Drama, Thriller", "140", "R", "los angeles california, diamond, heist, male underwear, downtown los angeles", "US", "99", "DOWN 22", "Bart Layton", "Bart Layton, Don Winslow", "Chris Hemsworth, Mark Ruffalo, Barry Keoghan", "Chris Hemsworth, Mark Ruffalo, Barry Keoghan, Peter Banifaz", "USD 90,000,000", "USD 14,251,834", "USD 36,588,336", "USD 72,900,246", "Echo Park, Los Angeles, California, USA", "English", "DTS:X, Dolby Surround 5.1, Dolby Digital, SDDS, Dolby Atmos", "2.39 : 1", "Color", "0", "0", "Movie", "False", "False", "False"
"Dune: Part One", "8", "1073394", "https://www.imdb.com/title/tt1160419/", "https://m.media-amazon.com/images/M/MV5BNWIyNmU5MGYtZDZmNi00ZjAwLWJlYjgtZTc0ZGIxMDE4ZGYwXkEyXkFqcGc@._V1_.jpg", "Paul Atreides arrives on Arrakis after his father accepts the stewardship of the dangerous planet. However, chaos ensues after a betrayal as forces clash to control melange, a precious resource.", "Action, Adventure, Drama", "155", "PG-13", "mother son relationship, mind control, empire, sandworm, based on novel", "CA", "100", "UP 135", "Denis Villeneuve", "Jon Spaihts, Denis Villeneuve, Eric Roth", "Timothée Chalamet, Rebecca Ferguson, Zendaya", "Timothée Chalamet, Rebecca Ferguson, Zendaya, Oscar Isaac", "USD 165,000,000", "USD 41,011,174", "USD 108,897,830", "USD 410,668,500", "Wadi Rum, Jordan", "English, Mandarin", "Auro 11.1, Dolby Surround 7.1, Dolby Atmos, Dolby Digital, IMAX 6-Track, SDDS", "2.39 : 1", "Color", "177", "299", "Movie", "False", "False", "False"
